법령명,조문번호,조문제목,분류텍스트,정규식_분류,정규식_근거,gemini_분류,gemini_근거,일치여부
연안관리법,29,연안정비사업 시설물의 사후관리 등,"① 연안정비사업으로 설치한 시설물에 대하여는 연안정비사업시행자가 사후관리를 하여야 한다. 다만, 제24조제2항 단서에 따라 해양수산부장관이 시행한 연안정비사업으로 설치한 시설물에 대하여는 관련 시ㆍ도지사 또는 시장ㆍ군수ㆍ구청장이 사후관리를 하여야 한다.",규칙,의무부과,규칙,조건부 의무 부과,O
도로법,35,공사 원인자 등에 대한 공사시행 명령 등,"③ 제1항에 따라 도로관리청이 타공사의 시행자나 타행위를 한 자의 부담으로 직접 도로공사를 시행하는 경우에는 해당 타공사의 시행자나 타행위를 한 자에게 대통령령으로 정하는 바에 따라 공사를 시행하기 전에 미리 통지하여야 하고, 공사를 준공하였을 때에는 준공 사실을 통지하여야 한다.",규칙,"조건부명령,의무부과,절차규정,통지알림",규칙,조건부 의무 부과,O
부패재산의 몰수 및 회복에 관한 특례법 시행령,1,목적,제1조(목적) 이 영은 「부패재산의 몰수 및 회복에 관한 특례법」에서 위임된 사항과 그 시행에 필요한 사항을 규정함을 목적으로 한다.,해당없음,목적규정,해당없음,목적 규정,O
국가재정법 시행령,24,예산총계주의 원칙의 예외,③각 중앙관서의 장은 법 제53조제1항에 따라 예산을 초과하여 수입대체경비를 지출하고자 하는 때에는 「국고금관리법」 제22조제1항에 따른 재무관별로 예산초과집행한도액을 통지하여야 한다.,규칙,"조건부명령,의무부과,절차규정,통지알림",규칙,조건부 의무 부과,O
형사소송법,267,집중심리,①공판기일의 심리는 집중되어야 한다.,규칙,기본값_구조추정,원칙,추상적 가치 실현 요청,X
보험업법,176,보험요율 산출기관,⑪ 보험요율 산출기관은 순보험요율을 산출하기 위하여 필요하면 질병에 관한 통계를 보유하고 있는 기관의 장으로부터 그 질병에 관한 통계를 제공받아 보험회사로 하여금 보험계약자에게 적용할 순보험료의 산출에 이용하게 할 수 있다.,규칙,권한부여,규칙,질병 통계 제공 및 이용에 대한 조건부 의무 부과,O
공무원수당 등에 관한 규정,14,특수업무수당,"제14조(특수업무수당) 공무원으로서 특수한 업무에 종사하는 사람에게는 예산의 범위에서 특수업무수당을 지급하되, 해당 업무의 곤란성 및 난이도 등이 높은 경우에는 특수업무수당 가산금을 지급할 수 있다. 이 경우 특수업무수당 및 특수업무수당 가산금은 별표 11의 지급구분에 따라 지급한다.",규칙,지급교부,규칙,예산 범위 내 특수업무수당 지급 의무 및 가산금 지급 가능성 명시,O
전자장치 부착 등에 관한 법률 시행령,24,출소자 등의 인적사항 등 통보,"① 법률 제9112호 특정 성폭력범죄자에 대한 위치추적 전자장치 부착에 관한 법률 일부개정법률 부칙 제2조제2항제1호 및 제3항제1호에 따라 성폭력범죄를 저질러 2008년 9월 1일 이전에 제1심판결을 선고받아 2010년 7월 16일 기준으로 징역형 이상의 형, 치료감호 또는 보호감호(이하 ""징역형등""이라 한다)의 집행 종료일까지 6개월 이상이 남은 사람(",해당없음,약칭규정,해당없음,"특정 법률 개정 부칙에 따른 적용 대상자를 열거하는 조항으로, 규범적 명령이 아님",O
국토안전관리원법,8,자금의 조달 등,① 관리원의 운영 및 사업에 필요한 자금은 다음 각 호에 따라 조달한다.,규칙,기본값_구조추정,해당없음,"자금 조달 방법에 대한 포괄적 규정으로, 구체적인 명령이 아님",X
대구경북과학기술원법 시행령,22,양성평등을 위한 계획의 수립 등,"① 법 제12조의5제2항에 따른 교원의 양성평등을 위한 임용계획 등 적극적 조치를 시행하기 위하여 필요한 계획(이하 ""양성평등조치계획""이라 한다)에는 다음 각 호의 사항이 포함되어야 한다.",규칙,기본값_구조추정,규칙,양성평등조치계획에 포함되어야 할 사항을 열거하여 의무 부과,O
고용보험법 시행규칙,1,농업ㆍ임업 및 어업 근로자의 고용보험 가입ㆍ탈퇴 신청,④ 보험에 가입한 농림어업근로자가 보험에서 탈퇴하려는 경우에는 별지 제1호서식의 농업ㆍ임업ㆍ어업 근로자 고용보험 탈퇴 신청서를 근로복지공단에 제출해야 한다. 이 경우 탈퇴를 신청한 날의 다음 날에 피보험자격을 상실한 것으로 본다.,규칙,간주규정,규칙,구성요건 충족 시 반드시 법률효과 발생 (탈퇴 신청서 제출 시 피보험자격 상실),O
공무원임용시험령,20,지방인재의 선발예정인원 초과합격,"① 시험실시기관의 장은 지방인재의 공무원 임용기회를 확대하기 위하여 필요하다고 인정하는 경우에는 제23조, 제23조의3, 제23조의4 및 제25조에도 불구하고 제7조제1항제1호 각 목의 시험에서 한시적으로 지방인재가 선발예정인원의 일정 비율 이상이 될 수 있도록 선발예정인원을 초과하여 지방인재를 합격시킬 수 있다.",원칙,필요인정,규칙,조건부 의무 부과 및 재량권 행사 시 법률효과 특정 (필요 인정 시 초과 합격 가능),X
해상교통안전법 시행규칙,59,해사안전 우수사업자의 지정ㆍ지원 및 지정취소 등,③ 해양수산부장관은 법 제59조제4항에 따라 해사안전우수사업자에게 다음 각 호의 지원을 할 수 있다.,규칙,권한부여,규칙,조건부 의무 부과 (법 제59조제4항에 따라 지원 가능),O
간호법 시행령,5,국가시험의 시행 및 공고 등,④ 제3항에도 불구하고 국가시험관리기관의 장은 보건복지부장관이 국민의 건강 보호를 위하여 긴급하게 의료인력 충원이 필요하다고 인정하는 경우에는 제3항에 따른 공고기간을 단축할 수 있다.,규칙,권한부여,규칙,조건부 재량권 행사 및 법률효과 특정 (긴급 필요 인정 시 공고기간 단축 가능),O
헌법재판소법,76,전자문서의 접수,② 제1항에 따라 제출된 전자문서는 이 법에 따라 제출된 서면과 같은 효력을 가진다.,규칙,기본값_구조추정,규칙,법률효과 명확히 규정 (전자문서와 서면의 동일 효력),O
지능형 로봇 개발 및 보급 촉진법,38,수용 및 사용,② 제1항에 따른 수용 또는 사용에 관한 협의가 성립되지 아니하거나 협의를 할 수 없는 때에는 사업시행자는 「공익사업을 위한 토지 등의 취득 및 보상에 관한 법률」 제28조제1항에도 불구하고 조성사업의 시행기간 내에 관할 토지수용위원회에 재결을 신청할 수 있다.,규칙,권한부여,규칙,구성요건 충족 시 특정 법률효과(재결 신청) 발생,O
평생교육법 시행령,12,시ㆍ도평생교육진흥원의 운영 등,"① 법 제20조제1항에 따라 시ㆍ도지사가 시ㆍ도평생교육진흥원(이하 ""시ㆍ도진흥원""이라 한다)을 설치하거나 지정하려는 경우에는 시ㆍ도교육감과 협의하여야 한다.",규칙,의무부과,규칙,조건부 의무 부과 (협의하여야 한다),O
주민투표법,2,주민투표권행사의 보장,② 국가 또는 지방자치단체는 제5조제1항에 따라 투표권을 부여받은 재외국민 또는 외국인이 주민투표에 참여할 수 있도록 외국어와 한국어를 함께 표기하여 관련 정보를 제공하는 등 필요한 조치를 취하여야 한다.,규칙,의무부과,원칙,추상적 가치 실현 요청 (필요한 조치를 취하여야 한다),X
사방사업법 시행규칙,9,허가신청서류등,"③ 제1항에 따른 신청서를 제출받은 특별자치시장, 특별자치도지사, 시장ㆍ군수ㆍ구청장(자치구의 구청장을 말한다. 이하 같다) 또는 지방산림청국유림관리소장은 「전자정부법」 제36조제1항에 따라 행정정보의 공동이용을 통하여 토지 등기사항증명서(신청인이 토지의 소유자인 경우에만 해당한다)를 확인하여야 한다.",규칙,의무부과,규칙,조건부 의무 부과 (확인하여야 한다),O
건설기계 안전기준에 관한 규칙,112,이상경고장치,제112조의3(이상경고장치) 타워크레인 작동 중 안전장치 작동 등에 이상이 발생한 경우에 조종사뿐만 아니라 주변 작업자들도 이상이 발생했다는 것을 알 수 있도록 다음 각 호의 기준에 적합한 이상경고장치를 설치해야 한다.,규칙,"조건부명령,의무부과",규칙,구체적 기준에 따른 의무 부과 (이상경고장치를 설치해야 한다),O
법원공무원규칙,51,보직관리의 기준,"⑨ 임용권자는 보직관리 시 성별, 장애 유무 등을 이유로 소속 공무원을 차별해서는 아니 된다.",규칙,의무부과,원칙,차별금지라는 추상적 가치 실현 요청,X
물품관리법 시행규칙,19,증표,제19조(증표) 감사를 하는 공무원은 별지 제4호서식의 증표를 지니고 관계자에게 보여주어야 한다.,규칙,기본값_구조추정,규칙,구체적 행위 의무 부과 (증표 지니고 보여주어야 함),O
기술보증기금법 시행령,22,유동화회사보증,"② 법 제28조의3제2항에 따라 자산보유자가 같은 기업으로부터 인수할 수 있는 유동화자산의 최고한도는 그 같은 기업이 중소기업인 경우에는 300억원, 중소기업 외의 기업인 경우에는 500억원에서 신용도 등을 고려하여 법 제18조에 따른 기금의 이사회(이하 ""이사회""라 한다)의 의결을 거쳐 일정한 금액을 차감하는 방식으로 정한다. 다만, 중소벤처기업부장관이 ",해당없음,약칭규정,규칙,구체적 한도 금액 제시 및 절차 명시 (신용도 등을 고려하여 ... 정한다),X
공익사업을 위한 토지 등의 취득 및 보상에 관한 법률,37,재결의 유탈,제37조(재결의 유탈) 토지수용위원회가 신청의 일부에 대한 재결을 빠뜨린 경우에 그 빠뜨린 부분의 신청은 계속하여 그 토지수용위원회에 계속(係屬)된다.,규칙,기본값_구조추정,규칙,특정 요건 충족 시 법률효과 명확히 규정 (빠뜨린 부분의 신청은 계속된다),O
의료기기법 시행규칙,24,비임상시험실시기관의 준수사항,"제24조의3(비임상시험실시기관의 준수사항) 법 제10조의2제3항에서 ""총리령으로 정하는 사항""이란 다음 각 호의 사항을 말한다.",해당없음,정의말한다,해당없음,정의 규정 ('~이란 다음 각 호의 사항을 말한다'),O
재해구호법,12,재해구호 관련 기관 등과의 협조 등,② 이재민등과 그 인근 거주자는 구호기관의 구호업무에 협력하여야 한다.,규칙,의무부과,규칙,구성요건(이재민등과 그 인근 거주자) 충족 시 협력 의무 부과,O
화학물질관리법,48,국외제조ㆍ생산자가 선임한 자에 의한 업무 수행,"④ 제2항에 따른 신고, 제3항에 따른 통보의 절차ㆍ방법 등에 관하여 필요한 사항은 기후에너지환경부령으로 정한다.",해당없음,위임근거만,해당없음,단순 위임 규정,O
기업구조조정 촉진법,3,다른 법률과의 관계,제3조(다른 법률과의 관계) 이 법은 기업구조조정 등에 관하여 다른 법률(「채무자 회생 및 파산에 관한 법률」은 제외한다)에 우선하여 적용한다.,해당없음,적용범위만,규칙,우선 적용이라는 명확한 법률효과 규정,X
의약품 등의 안전에 관한 규칙,101,위해 의약품 제조 등에 대한 과징금의 부과 및 납부,① 영 제34조의4제1항에 따른 과징금 납부통지서는 별지 제86호서식과 같다.,규칙,기본값_구조추정,해당없음,서식 규정,X
전기통신사업법 시행령,37,전기통신역무 제공 중지 이의신청의 절차,① 법 제32조의3제1항제5호에 따른 요청으로 전기통신역무 제공이 중지된 이용자는 이의신청을 하려면 전기통신역무 제공이 중지된 날부터 30일 이내에 다음 각 호의 사항을 적은 신청서를 전기통신역무 제공의 중지를 요청한 수사기관의 장에게 제출해야 한다.,규칙,"의무부과,구체적수치,기한규정",규칙,구성요건(이용자) 충족 시 이의신청 절차 및 기한(30일 이내) 명시,O
건축법,14,건축신고,"③ 특별자치시장ㆍ특별자치도지사 또는 시장ㆍ군수ㆍ구청장은 제1항에 따른 신고를 받은 날부터 5일 이내에 신고수리 여부 또는 민원 처리 관련 법령에 따른 처리기간의 연장 여부를 신고인에게 통지하여야 한다. 다만, 이 법 또는 다른 법령에 따라 심의, 동의, 협의, 확인 등이 필요한 경우에는 20일 이내에 통지하여야 한다.",규칙,"조건부명령,의무부과,구체적수치,절차규정,기한규정,통지알림",규칙,구체적인 통지 기한 명시,O
별정우체국직원 인사규칙,38,징계의 효력,⑤ 국장 또는 직원으로서 징계처분을 받은 사람은 처분을 받은 날 또는 집행이 끝난 날부터 다음 각 호의 기간(국가공무원법 제78조의2제1항 각 호의 어느 하나의 사유로 인한 징계처분과 성폭력ㆍ성희롱 및 성매매로 인한 징계처분의 경우에는 각각 6개월을 더한 기간)이 지나지 아니하면 승진하거나 승급할 수 없다.,규칙,구체적수치,규칙,구체적인 승진/승급 제한 기간 명시,O
도시재생 활성화 및 지원에 관한 특별법 시행령,37,국유재산ㆍ공유재산의 처분에 관한 특례의 적용범위,"② 국가 또는 지방자치단체는 법 제30조제4항 후단에 따라 국유재산 또는 공유재산의 사용료 또는 대부료를 해당 재산가액에 1천분의 10 이상을 곱한 금액으로 감경하여 부과할 수 있다. 다만, 지방자치단체는 관할 지역의 원활한 도시재생을 위하여 필요하다고 인정하는 경우에는 공유재산의 사용료 또는 대부료의 추가적인 감경 범위를 조례로 정할 수 있다.",규칙,권한부여,규칙,감경 금액의 하한선 명시 (1천분의 10 이상),O
인터넷 멀티미디어 방송사업법,18,등록요건,"제18조의2(등록요건) 제18조제2항 본문에 따라 인터넷 멀티미디어 방송 콘텐츠사업자로 등록하고자 하는 자의 등록요건에 관하여는 「방송법」 제9조의2를 준용한다. 이 경우 ""방송채널사용사업""은 ""인터넷 멀티미디어 방송 콘텐츠사업""으로 본다.",규칙,간주규정,해당없음,다른 법률 준용 규정,X
상업등기규칙,4,개인정보의 처리,제4조(개인정보의 처리) 등기관은 다음 각 호의 업무를 수행하기 위하여 「개인정보 보호법」 제2조제1호의 개인정보를 처리할 수 있다.,해당없음,업무나열,해당없음,개인정보 처리의 근거 규정 (구체적 의무/권리 미설정),O
증권에의한세입납부에관한법률시행령,6,납세고지서 등의 재발급,"제6조 (납세고지서 등의 재발급) 세입징수관이 수납필액을 취소하였을 때에는 납부자에 대하여 전에 발급한 것과 동일한 납기일의 납세고지서ㆍ납입고지서 또는 납부서를 재발급하여 보내야 한다. 다만, 납부기한이 경과한 경우에는 독촉장을 발급하여야 한다.",규칙,"조건부명령,의무부과",규칙,구성요건 충족 시 명확한 법률효과(재발급 의무) 발생,O
방문판매 등에 관한 법률,42,전화권유판매 수신거부의사 등록시스템 등,"⑥ 공정거래위원회는 제3항에 따라 위탁사업자로 선정된 자가 제1호 또는 제2호에 해당하게 된 경우에는 그 선정을 취소하여야 하며, 제3호 또는 제4호에 해당하게 된 경우에는 그 선정을 취소할 수 있다.",규칙,"권한부여,효과확정",규칙,구성요건 충족 시 명확한 법률효과(선정 취소 의무 또는 재량) 발생,O
지방행정동우회법,5,조직 등,③ 동우회는 어떠한 정치활동도 하여서는 아니 된다.,규칙,의무부과,규칙,명확한 금지 의무 부과,O
국회의원의 보좌직원과 수당 등에 관한 법률,3,결격사유,② 제1항에도 불구하고 국회의원이 「장애인복지법」 제2조제2항제1호에 따른 신체적 장애로 인하여 이 조 제1항제3호에 해당하는 사람의 보좌가 필요하다고 인정되는 경우에는 그러하지 아니하다.,원칙,필요인정,규칙,예외 사유를 명시하여 법률효과 발생 여부 확정,X
산업안전보건법 시행규칙,88,설계변경의 요청 방법 등,① 법 제71조제1항에 따라 건설공사도급인이 설계변경을 요청할 때에는 별지 제36호서식의 건설공사 설계변경 요청서에 다음 각 호의 서류를 첨부하여 건설공사발주자에게 제출해야 한다.,규칙,의무부과,규칙,구성요건 충족 시 명확한 법률효과(서류 제출 의무) 발생,O
재난 및 안전관리 기본법,33,재난관리체계 등에 대한 평가 등,⑥ 행정안전부장관은 제2항에 따른 공공기관에 대한 평가 결과를 「공공기관의 운영에 관한 법률」 제48조에 따른 공공기관 경영실적 평가에 반영하도록 기획재정부장관에게 요구할 수 있다.,규칙,권한부여,규칙,행정안전부장관의 기획재정부장관에 대한 요구라는 구체적인 행위와 그 대상이 명확히 규정되어 있음,O
중소기업협동조합법,41,조합 활성화자금,②제1항에 따른 조합 활성화자금의 설치와 운영 등에 필요한 사항은 정관으로 정한다.,규칙,기본값_구조추정,해당없음,구체적인 사항을 정관으로 위임하고 있어 규범적 명령이 아님,X
인구주택총조사 규칙,15,조사결과의 공표 등,② 국가데이터처장은 조사실시기관으로 하여금 해당 조사실시기관이 수행한 조사결과를 직접 공표하게 할 수 있다.,규칙,권한부여,규칙,국가데이터처장의 조사결과 직접 공표하게 할 수 있다는 권한 부여 및 대상이 명확함,O
국립대학치과병원 설치법 시행령,5,당연직 이사외의 이사 요건,"제5조(당연직 이사외의 이사 요건) 법 제9조제2항에서 ""대통령령으로 정하는 요건""이란 다음 각 호의 어느 하나에 해당하는 경력이 있는 것을 말한다.",해당없음,정의말한다,해당없음,"정의 규정으로, 구체적인 요건을 다른 법령에서 정하도록 위임하고 있음",O
대학교원 자격기준 등에 관한 규정,5,,제5조 삭제,해당없음,짧은텍스트,해당없음,삭제된 조항으로 규범적 효력이 없음,O
담배사업법,32,양벌규정,"제32조(양벌규정) 법인의 대표자나 법인 또는 개인의 대리인, 사용인, 그 밖의 종업원이 그 법인 또는 개인의 업무에 관하여 제27조, 제27조의2 또는 제27조의3의 위반행위를 하면 그 행위자를 벌하는 외에 그 법인 또는 개인에게도 해당 조문의 벌금형을 과(科)한다. 다만, 법인 또는 개인이 그 위반행위를 방지하기 위하여 해당 업무에 관하여 상당한 주의와",규칙,기본값_구조추정,규칙,구성요건 충족 시 법률효과(벌금형 부과)가 확정적으로 발생,O
공공기관의 운영에 관한 법률 시행령,27,경영실적 평가,"②재정경제부장관은 법 제48조에 따른 경영실적 평가의 기준과 방법 및 평가결과에 따른 조치사항 등을 고려하여 매 회계연도 개시 전까지 경영실적 평가에 관한 편람을 작성하여야 한다. 다만, 법 제6조에 따라 새로이 지정된 공기업ㆍ준정부기관의 경우에는 지정된 후 4개월 이내에 경영실적 평가에 관한 편람을 작성하여야 한다.",규칙,"의무부과,구체적수치,기한규정",규칙,명확한 의무(편람 작성)와 기한(매 회계연도 개시 전까지)을 규정,O
국립공원공단법,15,잉여금의 처리,제15조(잉여금의 처리) 공단은 매 회계연도의 결산 결과 이익이 생긴 경우에는 다음 각 호의 순서로 처리한다.,규칙,기본값_구조추정,규칙,이익 발생 시 처리 순서를 명확하게 규정,O
주민투표관리규칙,5,주민투표 설명회등,"① 법 제4조에 따른 설명회등은 관할위원회가 옥내에서 1회 이상 개최하여야 한다. 다만, 관할위원회가 주민투표에 관한 정보를 제공하기 위하여 필요하다고 인정하는 때에는 주민투표 실시구역을 관할하는 구ㆍ시ㆍ군위원회로 하여금 개최하게 할 수 있다.  이 경우 「방송법」에 의한 종합유선방송사업자가 구ㆍ시ㆍ군위원회가 개최하는 설명회등을 중계방송하는 때에는 해당 방",규칙,권한부여,규칙,설명회 개최 의무와 예외 사유를 명시,O
유료도로법,20,부가통행료 부과에 대한 이의제기 및 처리절차 등,③ 그 밖에 부가통행료 부과에 대한 이의제기 및 처리절차 등에 필요한 사항은 국토교통부령으로 정한다.,해당없음,위임근거만,해당없음,단순 위임 규정,O
어선법 시행규칙,27,,제27조 삭제,해당없음,짧은텍스트,해당없음,삭제된 조항,O
보건의료인력지원법,9,,제3장 보건의료인력의 수급관리 등,해당없음,장절관제목,해당없음,장/절 제목,O
의무경찰대 설치 및 운영에 관한 법률 시행령,36,위원의 제척ㆍ기피ㆍ회피 등,"③ 전ㆍ공사상심사위원회의 위원이 제1항 각 호에 따른 제척 사유에 해당하는 경우에는 전ㆍ공사상심사위원회에 그 사실을 알리고, 스스로 해당 안건의 심의ㆍ의결에서 회피(回避)해야 한다.",규칙,"조건부명령,의무부과",규칙,조건부 의무 부과,O
기상법 시행령,11,항공기의 안전운항에 필요한 운항노선별 항공기상 관련 정보의 제공,"제11조(항공기의 안전운항에 필요한 운항노선별 항공기상 관련 정보의 제공) 기상청장은 국내외 항공로에 취항하는 항공기(군사용 항공기를 제외한다)로서 항공기의 식별부호, 출발지 및 목적지 공항, 출발예정시간 및 예정항공로 등이 기재된 비행계획을 제출한 항공기에 대하여는 다음 각 호의 사항이 포함된 항공기상 관련 정보를 제공해야 한다.",규칙,의무부과,규칙,조건부 의무 부과,O
친수구역 활용에 관한 특별법 시행규칙,3,행위허가 신청서 등,② 영 제9조제4항에 따른 신고서는 별지 제3호서식의 공사(사업)추진상황 신고서에 따른다.,규칙,확정명시,해당없음,단순 위임,X
공간정보의 구축 및 관리 등에 관한 법률 시행령,16,국외반출 협의체의 구성 및 운영,⑤ 국토교통부장관은 협의체의 회의 결과에 따라 결정한 사항을 제1항 각 호의 기관의 장 및 민간위원에게 통보하여야 한다.,규칙,"의무부과,절차규정",규칙,명확한 의무 부과 (통보하여야 한다),O
군 가산복무 지원금 지급 대상자 규정,6,협약학교의 위촉,"② 육군ㆍ해군ㆍ공군 참모총장(해병대의 경우에는 해병대사령관을 말하며, 이하 ""각군 참모총장""이라 한다)은 협약학교의 장과 군 가산복무 지원금 지급 대상자에 관한 사항에 대하여 협약을 체결하여야 한다.",규칙,의무부과,규칙,명확한 의무 부과 (협약을 체결하여야 한다),O
해양수산부와 그 소속기관 직제,50,,제50조 삭제,해당없음,짧은텍스트,해당없음,삭제된 조항,O
군검찰 보존사무규칙,33,기록의 대출,⑤ 검찰서기는 보존절차가 끝나지 아니한 보존기록에 대한 대출 요구가 있을 때에는 반드시 보존절차를 마친 후 대출하여야 하고 1개월 이상 장기 대출한 기록은 수시로 점검하여 필요한 경우에는 반환을 독촉하여야 한다.,규칙,"조건부명령,의무부과,구체적수치",규칙,조건부 의무 및 절차 명시 (반드시 ~한 후 ~하여야 하고 ~하여야 한다),O
기상청과 그 소속기관 직제 시행규칙,13,기상레이더센터,"② 기상레이더센터(이하 이 조에서""센터""라 한다)에 레이더지원팀ㆍ레이더운영과 및 레이더분석과를 두며, 레이더지원팀장 및 레이더운영과장은 과학기술서기관ㆍ서기관ㆍ기상사무관ㆍ전산사무관ㆍ방송통신사무관 또는 행정사무관으로, 레이더분석과장은 과학기술서기관ㆍ서기관ㆍ기상사무관ㆍ전산사무관ㆍ방송통신사무관ㆍ행정사무관  또는 기상연구관으로 보한다.",규칙,기본값_구조추정,해당없음,직제 규정 (인사/조직 구성),X
선거관리위원회 공무원 규칙,66,여성 또는 남성의 선발예정인원 초과합격,"①시험실시기관의 장은 여성과 남성의 평등한 공무원임용기회를 확대하기 위하여 필요하다고 인정하는 경우에는 제65조제1항, 제2항, 제4항 및 제6항의 규정에 불구하고 한시적으로 여성 또는 남성이 시험단계별로 선발예정인원의 일정비율 이상이 되도록 선발예정인원을 초과하여 여성 또는 남성을 합격시킬 수 있다.",원칙,필요인정,규칙,조건부 의무 부과 및 구체적 비율 설정 가능성,X
관보규정,5,관보의 정정,① 행정안전부장관은 다음 각 호의 어느 하나에 해당하는 경우에는 관보를 정정(訂正)할 수 있다.,규칙,권한부여,규칙,조건부 의무 부과,O
소재ㆍ부품ㆍ장비산업 경쟁력 강화 및 공급망 안정화를 위한 특별조치법,12,공급망안정품목의 선정,"③ 제1항에 따라 선정한 공급망안정품목은 공개하지 아니한다. 다만, 국가의 안전보장 및 국민경제의 발전에 지장을 줄 우려가 없다고 인정되는 경우에는 대통령령으로 정하는 바에 따라 공개할 수 있다.",원칙,공익판단,규칙,조건부 의무 부과 및 예외 규정,X
민법,667,수급인의 담보책임,②도급인은 하자의 보수에 갈음하여 또는 보수와 함께 손해배상을 청구할 수 있다.,규칙,권한부여,규칙,조건부 의무 부과,O
분산에너지 활성화 특별법 시행령,56,과태료의 부과기준,제56조(과태료의 부과기준) 법 제66조제1항 및 제2항에 따른 과태료의 부과기준은 별표 7과 같다.,해당없음,기준과같다,해당없음,단순 위임,O
지방공무원 수당 등에 관한 규정,1,,제1장 총칙,해당없음,장절관제목,해당없음,총칙 규정,O
선박직원법 시행령,20,면허의 갱신,"제20조(면허의 갱신) 법 제7조제3항제1호에서 ""대통령령으로 정하는 바에 따라 이와 동등한 수준 이상의 능력이 있다고 인정되는 경우""란 다음 각 호의 어느 하나에 해당하는 경우를 말한다.",해당없음,정의말한다,해당없음,정의 규정,O
하수도법,56,휴업ㆍ폐업 등의 신고,"제56조(휴업ㆍ폐업 등의 신고) 분뇨수집ㆍ운반업자, 처리시설설계ㆍ시공업자, 처리시설제조업자 또는 처리시설관리업자는 그 영업을 휴업ㆍ폐업 또는 재개업하는 때에는 기후에너지환경부령으로 정하는 바에 따라 허가 또는 등록 관청에 신고하여야 한다.",규칙,"조건부명령,의무부과,절차규정",규칙,조건부 의무 부과,O
민사소송법,40,이송의 효과,"②제1항의 경우에는 이송결정을 한 법원의 법원서기관ㆍ법원사무관ㆍ법원주사 또는 법원주사보(이하 ""법원사무관등""이라 한다)는 그 결정의 정본(正本)을 소송기록에 붙여 이송받을 법원에 보내야 한다.",해당없음,정의규정,규칙,조건부 의무 부과,X
장애인고용촉진 및 직업재활법 시행규칙,6,출퇴근 교통비 지원 신청,① 법 제18조제1항제1호에 따른 출퇴근 교통비를 지원받으려는 중증장애인 근로자는 별지 제3호의2서식의 중증장애인 근로자 출퇴근 교통비 지원 신청서에 다음 각 호의 서류를 첨부하여 공단에 제출해야 한다.,규칙,의무부과,규칙,조건부 의무 부과,O
병역법 시행령,68,,제68조의8 삭제,해당없음,짧은텍스트,해당없음,삭제된 조항,O
장애인 등에 대한 특수교육법,6,특수교육기관의 설립 및 위탁교육,⑥ 제4항에 따른 위탁교육ㆍ제5항에 따른 지원 또는 비용부담 등에 관하여 필요한 사항은 대통령령으로 정한다.,해당없음,위임근거만,해당없음,단순 위임,O
예술인의 지위와 권리의 보장에 관한 법률 시행규칙,3,실태조사,"① 문화체육관광부장관은 법 제15조제2항제3호에 따른 예술인의 권리보호와 예술 활동 환경에 대한 정기적 실태조사(이하 이 조에서 ""예술인권리보호등실태조사""라 한다)를 실시하는 경우 다음 각 호의 사항이 포함되도록 해야 한다.",규칙,의무부과,규칙,구체적 사항 명시 및 의무 부과,O
법원조직법,56,,제6편 재판,해당없음,짧은텍스트,해당없음,장 제목,O
건설기계관리법 시행령,9,건설기계등록원부의 작성ㆍ관리,①법 제7조제1항에 따른 건설기계등록원부는 건설기계별로 작성한다.,규칙,기본값_구조추정,규칙,구체적 작성 방식 명시,O
군사법원 사무규칙,20,"기록의 편철방법, 목록",② 기록의 매장 표면 하단 중앙에는 장수를 표시하고 심리가 종결된 때에는 목록을 작성하여야 한다. 재판에 의하지 아니하고 사건이 종국된 때에는 그 종국 후에 목록을 작성한다. 그러나 기록의 장수가 적은 것은 목록 작성을 생략할 수 있다.,규칙,권한부여,규칙,"구체적 절차 및 의무 명시 (목록 작성, 장수 표시)",O
과학기술정보통신부와 그 소속기관 직제,26,,제26조 삭제,해당없음,짧은텍스트,해당없음,삭제된 조항,O
어장관리법,3,어장관리 기본계획,⑥ 해양수산부장관은 기본계획을 수립하거나 변경한 때에는 이를 지체 없이 국회 소관 상임위원회에 제출하고 고시하여야 한다.,규칙,"조건부명령,의무부과",규칙,구체적 의무 부과 (제출 및 고시),O
청년고용촉진 특별법,17,업무의 위탁,제17조의2(업무의 위탁) 중앙행정기관의 장은 이 법에 따른 업무의 일부를 대통령령으로 정하는 바에 따라 공공기관 등에 위탁할 수 있다.,규칙,권한부여,해당없음,단순 위임 (대통령령으로 정하도록 함),X
대도시권 광역교통 관리에 관한 특별법 시행령,9,광역교통 개선대책의 이견조정 등,"① 국토교통부장관은 법 제7조의2제6항에 따라 조정 요청을 받은 경우에는 해당 사항에 관하여 의견을 달리하는 관계 중앙행정기관의 장, 지방자치단체의 장, 개발사업의 시행자 및 관계 공공기관(「공공기관의 운영에 관한 법률」 제4조에 따른 공공기관을 말한다)의 장(이하 이 조에서 ""당사자""라 한다)에게 조정 요청을 받은 사실을 지체 없이 통보하고, 조정 요청을",규칙,"의무부과,구체적수치,기한규정",규칙,구체적 절차 및 의무 명시 (통보),O
자연재해대책법,57,복구사업의 분석ㆍ평가,"④ 시장ㆍ군수는 제1항에 따라 분석ㆍ평가한 결과를 시ㆍ군 종합계획의 수립 등에 반영하여야 하고, 특별시장 및 광역시장은 구청장이 제1항에 따라 분석ㆍ평가한 결과를 시ㆍ도 종합계획의 수립 등에 반영하여야 한다.",규칙,의무부과,규칙,시장·군수 및 특별시장·광역시장의 분석·평가 결과 반영 의무 부과,O
국세징수법 시행규칙,47,압류 말소의 등기 또는 등록 촉탁,"제47조(압류 말소의 등기 또는 등록 촉탁) 법 제58조제2항에 따른 압류 말소의 등기 또는 등록의 촉탁은 별지 제51호서식의 국세 강제징수에 따른 압류 말소 등기(등록) 촉탁서에 따른다. 다만, 그 밖의 재산권 및 국가 또는 지방자치단체의 재산에 관한 체납자의 권리에 대한 압류 말소의 등기 또는 등록의 촉탁은 각각 별지 제47호서식 및 별지 제48호서식에",규칙,확정명시,규칙,압류 말소 등기 또는 등록 촉탁의 서식 지정,O
민간인 통제선 이북지역의 산지관리에 관한 특별법,32,벌칙,① 제15조제1항을 위반하여 생태적 산지전용지구에서 실시계획의 승인을 받지 아니하고 산지전용을 하거나 거짓이나 그 밖의 부정한 방법으로 실시계획의 승인을 받아 산지전용을 한 자는 5년 이하의 징역 또는 5천만원 이하의 벌금에 처한다. 이 경우 징역형과 벌금형은 병과할 수 있다.,규칙,"권한부여,벌칙",규칙,위반 시 형벌 규정,O
규제자유특구 및 지역특화발전특구에 관한 규제특례법 시행령,47,규제자유특구위원회의 구성 및 운영 등,② 법 제77조제3항제2호에 따라 위원을 위촉하는 경우 국회 소관 상임위원회가 추천하는 2명 이내의 전문가를 포함해야 한다.,규칙,의무부과,규칙,위원 위촉 시 전문가 포함 의무 부과,O
교육시설 등의 안전 및 유지관리 등에 관한 법률 시행령,22,교육시설통합정보망의 구축ㆍ운영,"① 법 제23조제1항제8호에서 ""대통령령으로 정하는 사항""이란 다음 각 호의 사항을 말한다.",해당없음,정의말한다,해당없음,대통령령으로 정하는 사항의 위임 규정,O
건축서비스산업 진흥법,27,자료의 제공요청 등,① 건축진흥원은 건축서비스산업과 관련된 기관 또는 단체의 장에게 사업수행에 필요한 자료의 수집 및 제공을 요청할 수 있다.,규칙,권한부여,규칙,구성요건(필요성) 충족 시 법률효과(자료 제공 요청) 발생,O
농어촌도로 정비법 시행규칙,9,타공작물관리자에 대한 공사시행명령서등,①영 제9조제1항의 규정에 의한 공사시행명령서는 별지 제11호서식과 같다.,규칙,기본값_구조추정,해당없음,서식 규정,X
액화석유가스의 안전관리 및 사업법,65,벌칙,"⑥ 제4항 및 제5항의 죄를 범하여 가스를 누출시키거나 폭발하게 함으로써 사람을 상해(傷害)한 경우에는 10년 이하의 금고 또는 1억원 이하의 벌금에, 사망에 이르게 한 경우에는 1년 이상 10년 이하의 금고 또는 1억 5천만원 이하의 벌금에 처한다.",규칙,"조건부명령,기한규정",규칙,"구성요건(죄의 범함, 결과 발생) 충족 시 법률효과(형벌) 확정",O
식품의약품안전처와 그 소속기관 직제,37,한시정원,제37조(한시정원) 개식용 유통상인 및 개식용 식품접객업자에 대한 폐업ㆍ전업 지원 업무를 추진하기 위하여 「행정기관의 조직과 정원에 관한 통칙」 제25조제1항에 따라 2027년 4월 29일까지 별표 5에 따른 한시정원을 식품의약품안전처에 둔다.,규칙,"구성규정,기한규정",규칙,특정 목적 달성을 위한 한시적 정원 설치 및 존속 기한 명시,O
산업안전보건기준에 관한 규칙,286,발생기실의 설치장소 등,③ 제1항의 발생기실을 옥외에 설치한 경우에는 그 개구부를 다른 건축물로부터 1.5미터 이상 떨어지도록 하여야 한다.,규칙,"조건부명령,의무부과",규칙,구체적 수치(1.5미터)를 포함한 이격 거리 확보 의무 부과,O
고용보험 및 산업재해보상보험의 보험료징수 등에 관한 법률 시행령,52,보험사무대행기관에 대한 지원,"③ 제2항에 따른 보험료와 그 밖의 징수금의 납부 실적을 산정할 때 보험사무대행기관이 법 제33조제4항에 따라 보험연도 중에 업무의 폐지를 신고하면 해당 반기 첫 날부터 폐지일이 있는 분기 중간 월의 15일까지 납부기한이 끝나는 보험료와 그 밖의 징수금을 낸 실적을 기준으로 하되, 보험사무를 위임한 사업주가 법 제28조에 따른 체납처분에 따라 낸 금액은 제",규칙,기한규정,해당없음,조항의 일부가 누락되어 완전한 규범적 판단 불가,X
정신건강증진 및 정신질환자 복지서비스 지원에 관한 법률,64,외래치료 지원 등,"④ 특별자치시장ㆍ특별자치도지사ㆍ시장ㆍ군수ㆍ구청장은 제3항에 따라 외래치료 지원 결정을 한 때에는 지체 없이 정신질환자 본인 및 그 보호의무자와 외래치료 지원을 청구한 정신의료기관의 장, 정신건강복지센터의 장 및 외래치료 지원을 하게 될 정신의료기관의 장에게 그 사실을 서면으로 통지하여야 한다.",규칙,"조건부명령,의무부과,절차규정,통지알림",규칙,명확한 통지 의무 부과,O
자원봉사활동 기본법,19,자원봉사센터의 설치 및 운영,① 국가기관 및 지방자치단체는 자원봉사센터를 설치할 수 있다. 이 경우 자원봉사센터를 법인으로 하여 운영하거나 비영리 법인에 위탁하여 운영하여야 한다.,규칙,의무부과,규칙,설치 및 운영 방식에 대한 구체적 지침 제시,O
정보통신망 이용촉진 및 정보보호 등에 관한 법률,48,정보통신망 침해행위 등의 금지,① 누구든지 정당한 접근권한 없이 또는 허용된 접근권한을 넘어 정보통신망에 침입하여서는 아니 된다.,규칙,의무부과,규칙,명확한 금지 의무 부과,O
기후ㆍ기후변화 감시 및 예측 등에 관한 법률 시행규칙,7,기후ㆍ기후변화 예측 정보 생산체계의 구축ㆍ운영,② 제1항에서 규정한 사항 외에 지구시스템 기후모델의 구축ㆍ운영에 필요한 세부 사항은 국립기상과학원장이 정한다.,규칙,기본값_구조추정,해당없음,구체적인 사항을 하위 규범에 위임,X
군무원인사법 시행규칙,21,시험위원의 임명 등,⑤ 시험 실시기관의 장은 제4항에 따라 통보를 받았을 때에는 그 통보를 받은 날부터 5년간 해당 시험위원을 일반군무원 임용시험의 시험위원으로 임명하거나 위촉할 수 없다.,규칙,기본값_구조추정,규칙,구체적 기간(5년) 동안의 명확한 금지 의무 부과,O
동산문화유산 보존처리에 관한 규정 시행규칙,1,목적,제1조(목적) 이 규칙은 「동산문화유산 보존처리에 관한 규정」에서 위임된 사항과 그 시행에 필요한 사항을 규정함을 목적으로 한다.,해당없음,목적규정,해당없음,목적 규정,O
산업안전보건법,104,유해인자의 분류기준,"제104조(유해인자의 분류기준) 고용노동부장관은 고용노동부령으로 정하는 바에 따라 근로자에게 건강장해를 일으키는 화학물질 및 물리적 인자 등(이하 ""유해인자""라 한다)의 유해성ㆍ위험성 분류기준을 마련하여야 한다.",해당없음,약칭규정,규칙,명확한 의무(마련하여야 한다) 부과,X
농어업경영체 육성 및 지원에 관한 법률 시행령,21,농어업인재개발전문기관의 지정 요건 등,① 법 제27조제1항에 따라 농어업인재개발전문기관으로 지정될 수 있는 자는 다음 각 호의 요건을 모두 갖춘 자여야 한다.,규칙,기본값_구조추정,규칙,구체적인 요건(모두 갖춘 자) 충족 시 지정 가능성 명시,O
소방장비관리법,42,수수료,"제42조(수수료) 소방청장, 시ㆍ도지사 또는 소방기관의 장은 다음 각 호의 업무를 대행하게 하는 경우에는 대통령령으로 정하는 바에 따라 업무대행수수료를 지급할 수 있다.",해당없음,업무나열,규칙,"구체적인 경우(업무 대행)에 대한 수수료 지급 가능성 명시 (지급할 수 있다 형태이나, 지급 요건이 명확하여 규칙으로 분류)",X
재건축초과이익 환수에 관한 법률 시행령,13,물납의 신청 등,"①법 제17조제4항에 따라 물납을 신청하려는 자는 재건축부담금의 금액, 물납하려는 주택의 소재지, 물납 대상 주택의 면적ㆍ위치ㆍ가격 등을 적은 물납신청서를 국토교통부장관에게 제출하여야 한다.",규칙,"의무부과,절차규정",규칙,구체적인 신청 절차 및 기재 사항 명시,O
농업인등의 농외소득 활동 지원에 관한 법률 시행령,12,권한의 위임,제12조(권한의 위임) 농림축산식품부장관은 법 제16조에 따라 다음 각 호의 권한을 농촌진흥청장에게 위임한다.,규칙,기본값_구조추정,해당없음,단순 위임 규정,X
산업통상부와 그 소속기관 직제 시행규칙,14,통상교섭실,"① 통상교섭실장은 고위공무원단에 속하는 일반직공무원으로 보하되, 그 직위의 직무등급은 가등급으로 한다.",규칙,기본값_구조추정,규칙,직위의 자격 요건 및 등급 명시,O
동물원 및 수족관의 관리에 관한 법률 시행령,21,조치명령,② 허가권자는 법 제23조제1항에 따른 조치명령을 받은 자가 천재지변이나 그 밖의 부득이한 사유로 제1항에 따른 이행기간 내에 조치를 완료할 수 없는 경우에는 조치명령을 받은 자의 신청을 받아 매회 1년의 범위에서 2회까지 그 이행기간을 연장할 수 있다.,규칙,권한부여,규칙,조건부 이행기간 연장 가능성 명시,O
소재ㆍ부품ㆍ장비산업 경쟁력 강화 및 공급망 안정화를 위한 특별조치법 시행령,68,특화단지의 지정절차,⑤ 제1항부터 제4항까지에서 규정한 사항 외에 특화단지의 지정에 필요한 사항은 산업통상부장관이 정하여 고시한다.,규칙,기본값_구조추정,해당없음,단순 위임 규정,X
전통시장 및 상점가 육성을 위한 특별법,65,상인회,① 시장등에서 사업을 직접 경영하는 상인의 전부 또는 일부는 상인회를 자율적으로 설립할 수 있다.,규칙,권한부여,규칙,구성요건(시장등에서 사업을 직접 경영하는 상인) 충족 시 법률효과(상인회 설립 가능) 발생,O
방위산업에 관한 착수금 및 중도금 지급규칙,4,착수금 및 중도금의 지급기준ㆍ방법,⑤ 명시이월비(明示移越費) 예산에 의한 계약에 대하여 착수금 또는 중도금을 지급하는 경우에는 계약금액 중 해당 연도의 이행(履行)금액을 기준으로 한다.,규칙,조건부명령,규칙,구체적 기준(계약금액 중 해당 연도의 이행금액)에 따른 지급 의무,O
지역 개발 및 지원에 관한 법률 시행령,47,지역개발조정위원회의 운영,"④ 지역개발조정위원회의 위원에게는 예산의 범위에서 해당 시ㆍ도의 조례로 정하는 바에 따라 수당과 여비를 지급할 수 있다. 다만, 공무원이 그 소관 업무와 직접 관련되어 출석하는 경우에는 그러하지 아니하다.",규칙,기본값_구조추정,규칙,"구체적 요건(예산의 범위, 조례로 정하는 바) 충족 시 수당 및 여비 지급 의무",O
조세특례제한법 시행령,11,기술비법의 범위 등,"①법 제12조제1항, 같은 조 제2항 전단 및 같은 조 제3항에서 ""대통령령으로 정하는 특수관계인""이란 「법인세법 시행령」 제2조제8항 및 「소득세법 시행령」 제98조제1항에 따른 특수관계인을 말한다. 이 경우 「법인세법 시행령」 제2조제8항제2호에 따른 소액주주등을 판정할 때 「법인세법 시행령」 제50조제2항 중 ""100분의 1""은 ""100분의 30""으로",규칙,"구체적수치,간주규정",해당없음,정의 규정 ('~을 말한다') 및 위임 규정 ('~으로 한다'),X
과학기술분야 정부출연연구기관 등의 설립ㆍ운영 및 육성에 관한 법률 시행령,22,업무 위탁의 방법ㆍ기준 등,③ 연구기관 및 연구회는 법 제30조제1항에 따라 업무를 위탁할 때에는 수탁자의 인력ㆍ시설장비 및 전문지식의 보유 정도 등을 종합적으로 고려하여 위탁업무의 수탁자를 선정하여야 한다.,규칙,의무부과,원칙,추상적 기준('인력ㆍ시설장비 및 전문지식의 보유 정도 등을 종합적으로 고려')에 따른 재량적 판단 요청,X
의약품 등의 안전에 관한 규칙,28,,제28조,해당없음,짧은텍스트,해당없음,조문제목만 제시되어 구체적인 내용 파악 불가,O
보건의료인력지원법,2,정의,제2조(정의) 이 법에서 사용하는 용어의 뜻은 다음과 같다.,해당없음,정의규정,해당없음,정의 규정,O
지방세기본법 시행규칙,16,지방세환급금의 충당 청구 등,① 법 제60조제2항 각 호 외의 부분 단서에 따른 지방세환급금의 지방세 충당 동의와 법 제60조제4항 전단에 따른 지방세환급금의 지방세 충당 청구는 별지 제19호서식의 지방세환급금 충당 동의서 및 청구서에 따른다.,규칙,확정명시,해당없음,단순 위임 (별지 서식에 따른다는 규정),X
건설기계 안전기준에 관한 규칙,163,최고속도제한장치,"① 최고주행속도가 시간당 90킬로미터를 초과하는 덤프트럭, 트럭적재식 콘크리트펌프 및 콘크리트믹서트럭에는 최고속도제한장치를 설치하여야 한다.",규칙,의무부과,규칙,"구체적 요건(차종, 속도) 및 의무(설치하여야 한다) 명시",O
항만법,25,항만시설관리권의 등록 등,"⑤ 항만시설관리권의 등록에 대한 송달에 관하여는 「민사소송법」을 준용하고, 이의(異議)의 비용에 관하여는 「비송사건절차법」을 준용한다.",규칙,준용규정,해당없음,다른 법령 준용 규정,X
사법경찰관리의 직무를 수행할 자와 그 직무범위에 관한 법률,6,근로감독관 등,③ 「선원법」에 따른 선원근로감독관은 그의 관할 구역에서 발생하는 선박소유자와 선원의 「선원법」 또는 「근로기준법」에서 규정한 범죄에 관하여 사법경찰관의 직무를 수행한다.,규칙,기본값_구조추정,규칙,"구성요건(선원근로감독관, 관할구역, 선박소유자와 선원의 법률 위반 범죄) 충족 시 법률효과(사법경찰관 직무 수행)가 명확히 확정됨",O
관세법,164,보세구역의 자율관리,"① 보세구역 중 물품의 관리 및 세관감시에 지장이 없다고 인정하여 관세청장이 정하는 바에 따라 세관장이 지정하는 보세구역(이하 ""자율관리보세구역""이라 한다)에 장치한 물품은 제157조에 따른 세관공무원의 참여와 이 법에 따른 절차 중 관세청장이 정하는 절차를 생략한다.",규칙,기본값_구조추정,규칙,"구성요건(자율관리보세구역 지정, 물품 장치) 충족 시 법률효과(세관공무원 참여 및 절차 생략)가 명확히 확정됨",O
도시 공업지역의 관리 및 활성화에 관한 특별법,72,보고 및 검사 등,③ 제2항에 따른 증표에 관하여 필요한 사항은 국토교통부령으로 정한다.,해당없음,위임근거만,해당없음,단순 위임 규정 ('필요한 사항은 국토교통부령으로 정한다'),O
외국법자문사법,34,(공동사건처리등을 위한 등록),② 대한변호사협회는 제1항에 따른 신청이 있는 경우 특별한 사정이 없으면 지체 없이 외국법자문법률사무소 명부에 등록한 후 신청인에게 등록증명서를 발급하고 그 취지를 신청인 및 법무부장관에게 서면으로 통지하여야 한다.,규칙,"의무부과,절차규정,통지알림",규칙,"구성요건(신청, 특별한 사정 없음) 충족 시 법률효과(등록, 통지 등)가 명확히 확정됨",O
상속세 및 증여세법 시행령,34,특정법인과의 거래를 통한 이익의 증여 의제,"⑤ 법 제45조의5제1항을 적용할 때 특정법인의 지배주주와 그 친족(이하 이 조에서 ""지배주주등""이라 한다)이 증여받은 것으로 보는 경우는 같은 항에 따른 증여의제이익이 1억원 이상인 경우로 한정한다.",규칙,기본값_구조추정,규칙,구성요건(증여의제이익 1억원 이상) 충족 시 법률효과(증여받은 것으로 보는 경우)가 명확히 확정됨,O
주차장법,19,기계식주차장치의 철거,④ 시장ㆍ군수 또는 구청장은 제3항에 따른 신고를 받은 날부터 7일 이내에 신고수리 여부를 신고인에게 통지하여야 한다.,규칙,"의무부과,구체적수치,절차규정,기한규정,통지알림",규칙,구체적 기한(7일 이내) 내 통지 의무 부과,O
도시 공업지역의 관리 및 활성화에 관한 특별법 시행령,52,입주기업 등 지원대책,① 사업시행자는 법 제54조제1항에 따라 공업지역정비구역의 입주기업에 대하여 다음 각 호의 사항을 포함한 영업실태조사를 실시해야 한다.,규칙,의무부과,규칙,영업실태조사 실시 의무 부과,O
용산공원 조성 특별법,58,,제8장 벌칙,해당없음,장절관제목,해당없음,벌칙 규정은 별도의 장으로 분류,O
영유아보육법 시행규칙,33,예방조치,"제33조의2(예방조치) 어린이집의 원장은 법 제32조제2항에 따라 같은 항 각 호의 어느 하나에 해당하는 영유아 및 어린이집 거주자를 어린이집으로부터 격리시키고, 보육교직원에 대해서는 격리, 휴직 등의 근무 제한 조치를 할 수 있다.",규칙,권한부여,규칙,격리 및 근무 제한 조치 의무 부과,O
소재ㆍ부품ㆍ장비산업 경쟁력 강화 및 공급망 안정화를 위한 특별조치법 시행령,19,핵심전략기술의 선정,"② 관계 중앙행정기관의 장, 기업 또는 사업자단체 등은 핵심전략기술의 선정을 요청할 수 있다. 이 경우 다음 각 호의 자료를 산업통상부장관에게 제출해야 한다.",규칙,의무부과,규칙,자료 제출 의무 부과,O
공무원 재해보상법,2,주관,제2조(주관) 이 법에 따른 공무원 재해보상제도의 운영에 관한 사항은 인사혁신처장이 주관한다.,규칙,기본값_구조추정,해당없음,업무 분장 규정,X
정부유가증권취급규칙,3,유가증권취급공무원,"①정부소유유가증권이나 정부보관유가증권은 각 중앙관서의 장 또는 그 위임을 받은 공무원이 임명한 공무원(이하 ""유가증권취급공무원""이라 한다)으로 하여금 이를 취급하게 하여야 한다.",규칙,의무부과,규칙,조건부 의무 부과,O
과학기술기본법,25,과학영재의 발굴 및 육성,② 과학기술정보통신부장관은 제1항에 따른 과학영재의 조기발굴과 육성을 위하여 이를 전문적으로 지원할 기관을 지정하고 그 지원업무 수행에 필요한 경비의 전부 또는 일부를 지원할 수 있다,규칙,권한부여,규칙,재량권 부여 (지원할 수 있다),O
한국임업전문학교 및 한국수산전문학교 설치령,17,(학비상환),②제1항에서 지원받은 학비라 함은 수업료ㆍ입학금ㆍ기숙사비 및 실습비등 교육과 관련하여 당해 학생에게 지원한 경비 및 물품대금등 모든 비용을 말한다.,해당없음,정의말한다,해당없음,정의 규정,O
국민권익위원회와 그 소속기관 직제 시행규칙,6,부패방지국,⑰ 삭제,해당없음,짧은텍스트,해당없음,삭제된 조항,O
공공주택 특별법 시행령,44,공공임대주택의 임대료,"⑤ 장기전세주택으로 공급하는 공공임대주택의 최초의 임대보증금은 해당 임대주택과 그 유형, 규모, 생활여건 등이 비슷한 인근 주택의 전세계약금액을 고려하여 국토교통부령으로 정하는 바에 따라 산정한 금액을 초과할 수 없다.",규칙,기본값_구조추정,규칙,구체적 상한액 산정 기준 제시 및 초과 금지,O
해양심층수의 개발 및 관리에 관한 법률 시행규칙,21,해양심층수개발업자에 대한 행정처분의 기준,"② 지방해양수산청장은 해양심층수개발업자에 대한 면허취소 또는 면허정지 처분의 내용을 별지 제15호서식의 해양심층수개발업자 행정처분대장에 기록ㆍ관리하되, 특별한 사유가 있는 경우를 제외하고는 전자적 방법으로 기록ㆍ관리하여야 한다.",규칙,의무부과,규칙,의무적 기록 관리 및 특별한 사유 예외 규정,O
민법법인 및 특수법인 등기규칙,3,등기소에 비치할 장부,① 등기소에는 접수장 및 「상업등기규칙」 제22조제1항의 장부를 비치하여야 한다.,규칙,의무부과,규칙,구체적인 장부 비치 의무 부과,O
가축분뇨의 자원화 및 이용 촉진에 관한 규칙,12,규제의 재검토,제12조(규제의 재검토) 농림축산식품부장관은 제7조에 따른 환경친화축산농장의 지정기준에 대하여 2017년 1월 1일을 기준으로 3년마다(매 3년이 되는 해의 1월 1일 전까지를 말한다) 그 타당성을 검토하여 개선 등의 조치를 하여야 한다.,규칙,의무부과,규칙,"구체적인 시점 및 주기 명시, 타당성 검토 및 조치 의무 부과",O
공직선거관리규칙,61,정강ㆍ정책홍보물등의 제출,"①법 제138조(정강ㆍ정책홍보물의 배부제한등)제1항의 규정에 의한 정강ㆍ정책홍보물에는 작성근거, 제작정당명과 인쇄소의 명칭ㆍ주소ㆍ전화번호를 표시하여야 한다.",규칙,의무부과,규칙,필수적으로 표시해야 하는 사항 명시,O
필수업무 지정 및 종사자 보호ㆍ지원에 관한 법률,2,정의,제2조(정의) 이 법에서 사용하는 용어의 뜻은 다음 각 호와 같다.,해당없음,정의규정,해당없음,정의 규정,O
산업단지 인ㆍ허가 절차 간소화를 위한 특례법,6,산업단지계획심의위원회,"③ 중앙산업단지계획심의위원회 및 지방산업단지계획심의위원회(이하 ""심의위원회""라 한다)의 위원장은 제2항제3호부터 제9호까지의 규정에 해당하는 위원을 임명하기 위하여 같은 항 각 호의 위원이 속한 위원회의 위원장에게 위원의 추천을 요청하여야 하며, 위원의 추천을 요청받은 위원장은 그 요청을 받은 날부터 7일 이내에 위원을 추천하여야 한다.",해당없음,약칭규정,규칙,조건부 의무 부과 및 기한 명시,X
범죄인 인도법,20,인도구속영장의 집행,"④ 사법경찰관리 등이 범죄인을 구속할 때에는 구속의 이유와 변호인을 선임(選任)할 수 있음을 알려주고, 신속히 범죄인 소재지를 관할하는 지방검찰청 또는 그 지청(支廳)의 소속 검사에게 범죄인을 인치하여야 한다.",규칙,의무부과,규칙,조건부 의무 부과,O
사회보장기본법 시행령,16,중장기 사회보장 재정추계의 실시 시기 등,"③ 보건복지부장관은 제2항에 따라 실시한 재정추계 결과를 위원회의 심의를 거친 후 1개월 이내에 관계 중앙행정기관의 장에게 통보하고, 그 내용을 홈페이지 게재 등의 방법으로 공표해야 한다.",규칙,"의무부과,구체적수치,기한규정",규칙,조건부 의무 부과 및 기한 명시,O
위험물안전관리법,39,과태료,④ 삭제,해당없음,짧은텍스트,해당없음,삭제된 조항,O
저작권법 시행규칙,19,저작권신탁관리업 변경허가 등,③ 법 제105조제4항에 따라 저작권대리중개업 변경신고를 하려는 자는 별지 제50호서식의 저작권대리중개업 변경신고서에 신고증 및 변경사항을 증명하는 서류를 첨부하여 제출해야 한다.,규칙,의무부과,규칙,구체적인 절차와 서류 제출 의무 명시,O
새만금사업 추진 및 지원에 관한 특별법,36,토지의 공급,"② 공사는 다른 법령에 특별한 규정이 있는 경우를 제외하고는 다음 각 호의 사항이 포함된 토지의 공급에 관한 기준(이하 ""공급기준""이라 한다)을 정하여 시행하여야 한다.",규칙,의무부과,규칙,구체적인 사항을 포함한 기준 제정 및 시행 의무 부과,O
방송법,90,방송사업자의 의무,①제87조제1항 각 호에 따른 방송사업자는 제88조제1항제1호 및 제2호에 따른 시청자위원회의 의견제시 또는 시정요구를 받은 경우에는 특별한 사유가 없으면 이를 수용하여야 한다.,규칙,의무부과,원칙,'특별한 사유가 없으면'이라는 형량 가능성 내포 및 시청자위원회 의견 수용이라는 추상적 의무,X
선박안전법,74,결함신고에 따른 확인 등,③해양수산부장관은 제2항의 규정에 따른 확인 결과 결함의 내용이 중대하여 해당선박을 항해에 계속하여 사용하는 것이 해당 선박 및 승선자에게 위험을 초래할 우려가 있다고 인정되는 경우에는 해양수산부령으로 정하는 바에 따라 해당결함이 시정될 때까지 출항정지를 명할 수 있다.,규칙,권한부여,규칙,"구체적인 요건(결함의 중대성, 위험 초래 우려) 충족 시 출항정지라는 법률효과 발생",O
경찰수사규칙,113,고소인등의 이의신청,① 법 제245조의7제1항에 따른 이의신청은 별지 제125호서식의 불송치 결정 이의신청서에 따른다.,규칙,확정명시,규칙,구체적인 서식에 따른 이의신청 절차 명시,O
군인연금법 시행령,54,심사의 청구,② 제1항에 따라 심사 청구서를 받은 기관의 장은 10일 이내에 변명서와 그 밖에 필요한 자료를 첨부하여 「군인 재해보상법」 제48조에 따른 군인재해보상연금재심위원회에 보내야 한다.,규칙,"구체적수치,기한규정",규칙,구체적 기한(10일 이내)을 정하여 의무 부과,O
국고금 관리법,31,국고금의 통합관리 등,"③ 재정경제부장관은 국고금의 수급을 위하여 필요하다고 인정할 때에는 예산 또는 기금운용계획의 집행에 지장을 주지 아니하는 범위에서 제1항에 따른 통합관리를 하지 아니하는 회계ㆍ계정, 제2항에 따른 통합계정(이하 ""통합계정""이라 한다) 및 「공공자금관리기금법」 제2조에 따른 공공자금관리기금의 자금을 세입세출예산 또는 기금운용계획 외로 상호 예탁할 수 있다. ",규칙,의무부과,규칙,"재정경제부장관에게 통합관리하지 아니하는 회계 등의 자금을 상호 예탁할 수 있는 권한을 부여하고, 그 요건을 명시함",O
국립대학법인 서울대학교 설립ㆍ운영에 관한 법률,34,유사명칭 등의 사용금지,제34조(유사명칭 등의 사용금지) 국립대학법인 서울대학교가 아닌 자는 국립대학법인 서울대학교의 명칭과 표장(標章) 또는 이와 유사한 것을 사용하지 못한다.,규칙,의무부과,규칙,구성요건(국립대학법인 서울대학교가 아닌 자) 충족 시 법률효과(명칭 및 표장 유사물 사용 금지)가 명확하게 확정됨,O
고엽제후유의증 등 환자지원 및 단체설립에 관한 법률,13,실태조사,"② 국가보훈부장관은 제1항에 따른 실태조사를 위하여 필요한 경우에는 관계 중앙행정기관의 장, 지방자치단체의 장 또는 「공공기관의 운영에 관한 법률」에 따른 공공기관의 장(이하 ""관계 기관의 장""이라 한다)에게 자료의 제출을 요청할 수 있다. 이 경우 자료의 제출을 요청받은 관계 기관의 장은 정당한 사유가 없으면 이에 따라야 한다.",규칙,조건부명령,규칙,자료 제출 요청에 대한 조건부 의무 부과,O
5ㆍ18민주유공자예우 및 단체설립에 관한 법률,24,업체등의 신고,③ 제2항의 경우 관계 공무원은 그 권한을 표시하는 증표를 지니고 이를 관계인에게 내보여야 한다.,규칙,기본값_구조추정,규칙,관계 공무원의 의무를 명확히 규정,O
공무원 재해보상법 시행령,84,인사혁신처장의 업무 위탁,"제84조(인사혁신처장의 업무 위탁) 법 제61조제1항제10호에서 ""대통령령으로 정하는 사항""이란 다음 각 호의 사항을 말한다.",해당없음,정의말한다,해당없음,정의 규정,O
기술의 이전 및 사업화 촉진에 관한 법률 시행령,34,기술신탁관리업의 허가,③ 산업통상부장관은 제1항 및 제2항에 따라 제출받은 서류가 다음 각 호의 어느 하나에 해당하는 경우에는 기간을 정하여 이를 보완하게 할 수 있다.,규칙,권한부여,규칙,조건부 의무 부과 (보완 요구),O
군사법원법,289,국가소추주의,제289조(국가소추주의) 공소는 군검사가 제기하여 수행한다.,규칙,기본값_구조추정,규칙,명확한 의무 부과,O
정보통신 진흥 및 융합 활성화 등에 관한 특별법 시행령,24,중소기업 등의 연구개발 지원 방법 등,③ 제2항의 지원에 필요한 세부사항은 과학기술정보통신부장관이 정하여 고시한다.,규칙,기본값_구조추정,해당없음,단순 위임,X
공직선거관리규칙,109,투표를 실시하지 아니할 때의 공고ㆍ통지,②읍ㆍ면ㆍ동위원회는 법 제188조제3항 또는 법 제190조제3항 및 법 제191조제3항(법 제188조제3항을 준용하는 경우를 말한다)에 따라 선거일의 투표개시시각부터 투표마감시각까지에 투표를 실시하지 아니할 사유가 발생된 때에는 별지 제59호서식의(나)에 의하여 선거당일에 그 사실을 투표소의 입구에 게시하여야 한다.,규칙,의무부과,규칙,구체적 절차 및 의무 부과,O
지방공기업법 시행령,2,요금에 관한 규정의 준용,②지방자치단체의 장은 제1항의 규정에 의하여 법 제22조의 규정을 준용하고자 하는 때에는 대상사업의 명칭을 그 지방자치단체의 공보에 고시하여야 한다.,규칙,"조건부명령,의무부과",규칙,지방자치단체의 장에게 공보 고시 의무 부과,O
석면피해구제법 시행령,1,,제1장 총칙,해당없음,장절관제목,해당없음,장 제목,O
가축 및 축산물 이력관리에 관한 법률 시행규칙,16,수입산이력축산물에 대한 이력번호 부여방법 등,"제16조(수입산이력축산물에 대한 이력번호 부여방법 등) 법 제13조제1항 및 제2항에 따른 이력번호의 부여방법, 수입유통식별표의 표시사항과 규격, 부착방법 및 관리 등은 별표 11과 같다.",규칙,기본값_구조추정,해당없음,다른 조항 및 별표로 위임,X
위생용품 관리법,10,기준 및 규격,"② 식품의약품안전처장은 제1항에 따른 기준 및 규격이 고시되지 아니한 위생용품의 기준 및 규격을 인정받으려는 자에게 성분, 제조방법 등 총리령으로 정하는 사항을 제출하게 하여 「식품ㆍ의약품분야 시험ㆍ검사 등에 관한 법률」 제6조제2항제6호에 따른 위생용품 시험ㆍ검사기관의 검토를 거쳐 제1항에 따른 기준 및 규격이 고시 될 때까지 그 위생용품의 기준과 규격으",규칙,권한부여,해당없음,다른 법률 및 하위 규정으로 위임,X
조달사업에 관한 법률,23,포상금의 지급,"① 조달청장은 조달사업을 수행하는 공무원의 직무에 관한 뇌물수수(收受) 행위 또는 불공정 조달행위를 신고하거나 제보하고 그 신고나 제보를 증명할 수 있는 증거자료를 제출한 사람(이하 ""신고자등""이라 한다)에게 예산의 범위에서 포상금을 지급할 수 있다.",규칙,권한부여,규칙,포상금 지급 가능성 명시 (예산 범위 내),O
진실ㆍ화해를 위한 과거사정리 기본법,8,위원의 직무상 독립과 신분보장,③제2항제1호의 경우에는 재적위원 3분의 2 이상의 찬성에 의한 의결을 거쳐 위원장의 제청으로 대통령이 면직한다.,규칙,구체적수치,규칙,면직 요건 및 절차 명확히 규정,O
고등교육법 시행령,60,전문학사학위의 종류,제60조(전문학사학위의 종류) 법 제50조제2항의 규정에 의한 전문학사학위의 종류는 학칙으로 정한다.,규칙,기본값_구조추정,해당없음,학칙으로 정하도록 위임,X
소재ㆍ부품ㆍ장비산업 경쟁력 강화 및 공급망 안정화를 위한 특별조치법 시행령,12,전문위원회 등,"② 각 전문위원회 및 법 제8조제4항에 따른 특별위원회(이하 ""특별위원회""라 한다)는 각각 위원장 1명을 포함한 15명 이내의 위원으로 구성한다.",해당없음,약칭규정,규칙,위원 수 명확히 규정,X
병원체자원의 수집ㆍ관리 및 활용 촉진에 관한 법률 시행령,18,병원체자원 정보시스템의 운영,제18조(병원체자원 정보시스템의 운영) 질병관리청장은 법 제21조제1항 전단에 따른 병원체자원 정보시스템의 효율적 운영을 위하여 필요하다고 인정하는 경우에는 해당 정보시스템의 평가ㆍ개선에 관한 기준을 수립ㆍ시행할 수 있다.,규칙,권한부여,규칙,필요 시 기준 수립 및 시행 가능성 명시,O
전기안전관리법 시행규칙,8,정기검사의 대상ㆍ기준 및 절차 등,"④ 전기사업자 또는 자가용전기설비의 소유자 또는 점유자는 정기검사에 불합격한 경우 적합하지 않은 부분에 대해 검사완료일부터 3개월 이내에 재검사를 받아야 한다. 다만, 안전공사는 별표 4 제1호(5)(나)에 따른 태양광발전소의 부지 및 구조물이 정기검사에 불합격한 경우로서 전기사업자 또는 자가용전기설비의 소유자 또는 점유자가 계절적ㆍ환경적 요인으로 개보수 ",규칙,"권한부여,구체적수치,기한규정",규칙,재검사 기한 및 예외 사항 명시,O
국제기구 분담금 관리에 관한 법률,6,국제기구 분담금 납부실적에 대한 자체평가 등,① 중앙행정기관의 장은 소관 국제기구 분담금의 전년도 납부실적 및 납부목적에 부합하는지 여부에 대하여 매년 자체평가를 실시하여야 한다.,규칙,의무부과,규칙,구체적인 의무(자체평가 실시)를 명확하게 부과,O
선원법,79,선내 안전ㆍ보건 및 사고예방 기준,② 선내안전보건기준의 구체적인 사항은 해양수산부장관이 정하여 고시한다.,규칙,기본값_구조추정,해당없음,구체적인 사항을 하위 법령에 위임,X
아이돌봄 지원법,35,벌칙,② 다음 각 호에 해당하는 자는 1년 이하의 징역 또는 1천만원 이하의 벌금에 처한다.,규칙,벌칙,규칙,구성요건 충족 시 형벌 부과라는 명확한 법률효과 규정,O
한국농어촌공사 및 농지관리기금법 시행규칙,16,영농복귀 지원,① 공사는 농지를 임대하고 전업한 농업인이 법 제21조제1항에 따라 영농에 복귀하려는 경우로서 그 농지가 제3자에게 임대된 경우에는 공사가 소유하고 있거나 임차한 농지를 우선적으로 임대할 수 있다.,규칙,권한부여,규칙,우선 임대라는 구체적인 법률효과 규정,O
초ㆍ중등교육법,30,학교의 통합ㆍ운영,"① 학교의 설립자ㆍ경영자는 효율적인 학교 운영을 위하여 필요하면 지역 실정에 따라 초등학교ㆍ중학교, 중학교ㆍ고등학교 또는 초등학교ㆍ중학교ㆍ고등학교의 시설ㆍ설비 및 교원 등을 통합하여 운영할 수 있다. 이 경우 해당 학교의 학생 및 학부모의 의견을 수렴하여야 한다.",규칙,의무부과,원칙,효율적인 학교 운영이라는 추상적 가치 실현을 위한 재량적 조치 허용 및 의견 수렴 의무,X
검찰사건사무규칙,150,,제1절 총칙,해당없음,장절관제목,해당없음,장/절 제목,O
공인중개사법 시행령,5,시험방법 및 시험의 일부면제,③제2항의 규정에 따라 제1차시험과 제2차시험을 동시에 시행하는 경우에는 제1차시험에 불합격한 자의 제2차시험은 무효로 한다.,규칙,"조건부명령,효과확정",규칙,조건부 법률효과 확정 (제1차시험 불합격 시 제2차시험 무효),O
금강수계 물관리 및 주민지원 등에 관한 법률 시행규칙,34,수질 유지기간,"제34조(수질 유지기간) 법 제21조제1항제2호에서 ""기후에너지환경부령으로 정하는 기간""이란 최근 2년간을 말한다.",해당없음,정의말한다,해당없음,정의 규정 ('~란 ~을 말한다'),O
도시 및 주거환경정비법 시행령,18,,제3장 정비사업의 시행,해당없음,장절관제목,해당없음,장/절 제목,O
산업발전법 시행령,14,기업구조개선 기관전용 사모집합투자기구에 대한 기금의 출자,"① 법 제24조제1항에서 ""대통령령으로 정하는 기금""이란 별표 3의 기금을 말한다.",해당없음,정의말한다,해당없음,정의 규정 ('~란 ~을 말한다'),O
항공안전법 시행규칙,90,조종사 등이 받은 자격증명의 효력,② 부조종사 또는 사업용 조종사의 자격증명을 받은 사람이 같은 종류의 항공기에 대하여 운송용 조종사 자격증명을 받은 경우에는 종전의 자격증명에 관한 항공기 형식의 한정 또는 계기비행증명ㆍ조종교육증명에 관한 한정은 새로 받은 자격증명에도 유효하다.,규칙,기본값_구조추정,규칙,종전 자격증명의 효력에 대한 명확한 규정,O
철도안전법 시행령,20,관제자격증명 갱신 및 취득절차의 일부 면제,"제20조의5(관제자격증명 갱신 및 취득절차의 일부 면제) 관제자격증명의 갱신 및 취득절차의 일부 면제에 관하여는 제19조 및 제20조를 준용한다. 이 경우 ""운전면허""는 ""관제자격증명""으로, ""운전교육훈련""은 ""관제교육훈련""으로, ""운전면허시험 중 필기시험""은 ""관제자격증명시험 중 학과시험""으로 본다.",규칙,간주규정,규칙,준용 규정을 통해 구체적인 절차 및 용어 대체 명시,O
푸드테크산업 육성에 관한 법률 시행규칙,5,전문인력 양성기관의 지정 신청 등,"③ 영 제8조제2항에 따른 신청을 받은 관계 중앙행정기관의 장은 「전자정부법」 제36조제1항에 따른 행정정보의 공동이용을 통해 법인 등기사항증명서(법인인 경우만 해당한다) 및 사업자등록증명(주민등록번호가 제외된 사업자등록증명을 말한다)을 확인해야 한다. 다만, 신청인이 사업자등록증명의 확인에 동의하지 않는 경우에는 해당 서류를 첨부하게 해야 한다.",규칙,의무부과,규칙,행정정보 공동이용을 통한 서류 확인 의무 및 예외 사항 명시,O
대통령기록물 관리에 관한 법률 시행령,10,전직 대통령 등의 방문 열람,① 대통령기록관의 장은 전직 대통령이 법 제18조제1항제1호에 따라 대통령기록물을 열람하려는 경우에는 열람을 위한 전용 장소 및 시설이나 그 밖에 열람에 필요한 편의를 제공하여야 한다. 이 경우 열람을 위한 전용 장소 및 시설은 대통령기록관 내에 두거나 「공공기록물 관리에 관한 법률」 제3조제5호에 따른 영구기록물관리기관의 장과 협의하여 해당 영구기록물관리,규칙,권한부여,규칙,전용 장소 및 시설 제공 의무 명시,O
대ㆍ중소기업 상생협력 촉진에 관한 법률 시행령,14,약정서 기재사항 등,"③ 법 제21조제3항제2호에서 ""대통령령으로 정하는 기간""이란 90일을 말한다. 다만, 거래 관행 등 거래의 특성을 고려하여 중소벤처기업부장관이 달리 정하여 고시하는 경우에는 그에 따른 기간을 말한다.",해당없음,정의말한다,규칙,"구체적인 기간(90일)을 명시하고, 예외적인 경우를 규정",X
새마을금고법 시행령,10,선거관리위원회의 구성ㆍ운영ㆍ직무 등,③ 법 제23조제2항에 따라 금고의 회원이 아닌 사람으로서 선거관리위원회의 위원이 될 수 있는 사람은 다음 각 호의 어느 하나에 해당하는 사람으로 한다.,규칙,기본값_구조추정,해당없음,정의 규정,X
공공폐자원관리시설의 설치ㆍ운영 및 주민지원 등에 관한 특별법,14,공공폐자원관리시설 설치계획의 수립 및 승인 등,⑥ 기후에너지환경부장관은 제3항부터 제5항까지의 규정에 따라 설치계획에 대한 협의를 거친 경우 대통령령으로 정하는 방법에 따라 설치계획을 공고하여야 한다.,규칙,"의무부과,절차규정",규칙,조건부 의무 부과,O
빈집 및 소규모주택 정비에 관한 특례법 시행령,41,임대주택 건설에 따른 특례,② 토지주택공사등은 법 제17조제3항 또는 제18조제1항에 따라 소규모주택정비사업을 시행하는 경우에는 제1항 각 호의 순위에도 불구하고 해당 사업에 따라 공급되는 공공임대주택을 우선하여 인수할 수 있다.,규칙,권한부여,규칙,우선권 부여,O
수상에서의 수색ㆍ구조 등에 관한 법률,16,구조본부 등의 조치,② 제1항에 따라 구조의 지시 또는 요청을 받은 구조대의 장은 구조상황을 수시로 관할 구조본부의 장 또는 소방관서의 장에게 보고 하거나 통보하여야 한다.,규칙,"의무부과,절차규정",규칙,의무 부과,O
식물신품종 보호법,103,심결 등에 대한 소,⑦ 특허법원의 판결에 대하여는 대법원에 상고할 수 있다.,규칙,권한부여,규칙,절차 규정,O
발명진흥법,23,지역지식재산센터,①지역 중소기업과 주민의 산업재산권에 관한 인식을 제고하고 산업재산권의 창출ㆍ보호 및 활용을 지원하기 위하여 지역별로 지역지식재산센터를 둘 수 있다.,규칙,기본값_구조추정,해당없음,둘 수 있다 (재량적 허용),X
금융지주회사법,45,은행지주회사의 주요출자자에 대한 신용공여한도 등,"⑦제1항 내지 제6항의 규정에 의한 자회사등의 범위, 신용공여의 기준, 자기자본 및 자기자본의 순합계액의 산정방법은 대통령령으로 정한다.",규칙,기본값_구조추정,해당없음,단순 위임,X
첨단재생의료 및 첨단바이오의약품 안전 및 지원에 관한 법률,11,첨단재생의료 치료의 동의 등,② 치료대상자는 재생의료기관에 제1항에 따른 동의서 사본의 발급을 요청할 수 있다. 이 경우 요청을 받은 재생의료기관은 정당한 사유가 없으면 이를 거부하여서는 아니 된다.,규칙,의무부과,규칙,정당한 사유 없으면 거부 금지 (조건부 의무 부과),O
주택법,93,보고ㆍ검사 등,"② 제1항에 따른 검사를 할 때에는 검사 7일 전까지 검사 일시, 검사 이유 및 검사 내용 등 검사계획을 검사를 받을 자에게 알려야 한다. 다만, 긴급한 경우나 사전에 통지하면 증거인멸 등으로 검사 목적을 달성할 수 없다고 인정하는 경우에는 그러하지 아니하다.",규칙,통지알림,규칙,원칙적 통지 의무 부과 (예외 인정),O
지방자치법,197,특례의 인정,① 서울특별시의 지위ㆍ조직 및 운영에 대해서는 수도로서의 특수성을 고려하여 법률로 정하는 바에 따라 특례를 둘 수 있다.,규칙,기본값_구조추정,해당없음,법률로 정하는 바에 따라 (추상적 위임),X
비료관리법,14,제조 원료의 장부기재 및 보존,① 비료생산업자등은 비료의 종류별로 비료제조에 사용되는 원료의 종류ㆍ구입처ㆍ수량 등을 장부(전자화된 장부를 포함한다)에 기재하고 이를 3년간 보존하여야 한다.,규칙,의무부과,규칙,구체적 의무(장부기재 및 보존)와 기간 명시,O
국토교통부와 그 소속기관 직제 시행규칙,7,국토도시실,㉒ 건축안전과장은 다음 사항을 분장한다.,해당없음,업무분장,해당없음,업무 분장 규정,O
채무자 회생 및 파산에 관한 법률,200,영업 또는 재산의 양도 등,②제1항의 경우 대가를 회생채권자ㆍ회생담보권자ㆍ주주ㆍ지분권자에게 분배하는 때에는 그 분배의 방법도 정하여야 한다.,규칙,"조건부명령,의무부과",규칙,조건부 의무 부과 (분배 시 방법 정해야 함),O
군인연금법 시행규칙,4,복무기간의 계산방법,② 제1항에도 불구하고 전투에 참가한 기간이 있는 군인의 복무기간은 제1항에 따른 복무기간에 전투종료 연월일에서 전투참가 연월일을 뺀 수에 1을 더한 합에 2를 곱한 연월일수로 계산한 기간을 더하여 계산한다.,규칙,기본값_구조추정,규칙,구체적인 계산 방법 명시,O
소방시설 설치 및 관리에 관한 법률 시행규칙,37,점검능력 평가의 신청 등,"④ 제1항부터 제3항까지에서 규정한 사항 외에 점검능력 평가 등 업무수행에 필요한 세부 규정은 평가기관이 정하되, 소방청장의 승인을 받아야 한다.",규칙,확인받음,규칙,"위임 규정이나, 승인 요건이 명확하여 규칙으로 분류 가능",O
별정우체국법,25,비업무상 장해연금의 지급정지,② 제1항에 따라 비업무상 장해연금의 지급이 정지된 자가 다시 퇴직한 경우에는 그 퇴직 당시 대통령령으로 정하는 정도의 장애 상태에 있는 경우에만 재(再)퇴직 당시의 기준소득월액을 기초로 비업무상 장해연금의 금액을 다시 정한다.,규칙,조건부명령,규칙,"구성요건(지급정지된 자가 다시 퇴직, 대통령령으로 정하는 정도의 장애 상태) 충족 시 법률효과(연금 금액 재산정) 발생",O
고등교육법 시행령,24,대학원위원회,"③제1항의 규정에 의한 대학원위원회는 학교의 장이 지명하는 7인이상의 위원으로 구성하되, 그 구성 및 운영에 관한 사항은 학칙으로 정한다.",규칙,기본값_구조추정,규칙,"구성요건(대학원위원회) 충족 시 법률효과(7인 이상 위원 구성, 학칙으로 정함) 발생",O
광산안전법,1,목적,제1조(목적) 이 법은 광산근로자에 대한 위해(危害)를 방지하고 아울러 광해(鑛害)를 방지함으로써 지하자원의 합리적인 개발을 도모함을 목적으로 한다.,해당없음,목적규정,해당없음,목적 규정,O
자본시장과 금융투자업에 관한 법률 시행령,78,다자간매매체결회사의 업무기준 등,"⑤ 법 제78조제3항제4호에서 ""대통령령으로 정하는 것""이란 매매가격ㆍ거래량 및 매매체결의 시간 등 매매체결대상상품의 매매체결에 관한 정보를 말한다.",해당없음,정의말한다,해당없음,정의 규정 ('~란 ~을 말한다'),O
광업법,33,현장조사 및 광구경계측량의 신청,③산업통상부장관은 제2항에 따른 광구경계측량의 신청을 받으면 「공간정보의 구축 및 관리 등에 관한 법률」 제44조제2항에 따라 측량업의 등록을 한 자에게 그 경계측량을 대행하게 할 수 있다.,규칙,권한부여,규칙,구성요건(신청을 받으면) 충족 시 법률효과(측량업 등록자에게 대행하게 할 수 있음) 발생,O
야생생물 보호 및 관리에 관한 법률 시행규칙,26,인공증식 등을 위한 포획ㆍ채취 등의 허가대상 야생생물 등,"② 법 제19조제1항제5호에서 ""기후에너지환경부령으로 정하는 기준 및 방법 등""이란 다음 각 호의 것을 말한다.",해당없음,정의말한다,해당없음,정의 규정,O
국가공간정보 기본법,1,목적,제1조(목적) 이 법은 국가공간정보체계의 효율적인 구축과 종합적 활용 및 관리에 관한 사항을 규정함으로써 국토 및 자원을 합리적으로 이용하여 국민경제의 발전에 이바지함을 목적으로 한다.,해당없음,목적규정,해당없음,목적 규정,O
선거연수원 운영규칙,16,등록,"①교육대상자 또는 연수대상자(이하 ""교육ㆍ연수대상자""라 한다)로 선발된 사람은 해당 교육개시시각 전까지 소정의 등록절차를 마쳐야 한다.",해당없음,정의규정,규칙,조건부 의무 부과,X
지방교육행정기관 예산성과금 운영규칙,11,자체심사위원회,④이 규칙에서 규정한 사항 외에 자체심사위원회의 운영 등에 관하여 필요한 사항은 교육감이 정한다.,규칙,기본값_구조추정,해당없음,단순 위임,X
의료기기법 시행규칙,54,의료기기통합정보시스템 운영 등,"① 법 제31조의3제2항에 따라 의료기기 제조업자ㆍ수입업자가 의료기기통합정보시스템에 등록(변경등록을 포함한다. 이하 같다)하여야 하는 정보(이하 ""의료기기정보등""이라 한다)는 다음 각 호와 같다.",규칙,확정명시,규칙,조건부 의무 부과,O
산업집적활성화 및 공장설립에 관한 법률 시행령,58,산업단지구조고도화사업의 대행,⑤ 사업시행자는 제4항에 따라 계약을 체결한 산업단지구조고도화사업의 대행자가 성실하게 사업을 시행하도록 지도ㆍ감독하여야 한다.,규칙,의무부과,원칙,성실 이행을 위한 지도ㆍ감독 의무 부과 (추상적 의무),X
부동산등기법,78,공동저당의 등기,③ 제2항의 공동담보목록은 등기기록의 일부로 본다.,규칙,기본값_구조추정,규칙,법률효과 확정 (등기기록의 일부로 간주),O
어장관리법 시행규칙,2,어장관리해역의 지정 방법과 절차 등,② 제1항에 따라 협의를 요청받은 시ㆍ도지사 및 시장ㆍ군수ㆍ구청장은 특별한 사유가 없는 한 그 요청을 받은 날부터 30일 이내에 해양수산부장관에게 의견을 제출하여야 한다.,규칙,"의무부과,구체적수치,절차규정,기한규정",규칙,조건부 의무 부과 (특별한 사유 없는 한 30일 이내 의견 제출),O
학교복합시설 설치 및 운영ㆍ관리에 관한 법률 시행령,4,학교복합시설의 운영ㆍ관리,② 운영관리자는 학교의 교육활동을 위하여 필요한 경우에는 학생과 교직원이 우선적으로 학교복합시설을 이용할 수 있도록 해야 한다.,규칙,"조건부명령,의무부과",원칙,우선 이용 보장 의무 (교육활동을 위한 필요성 고려),X
석유 및 석유대체연료 사업법 시행령,34,석유대체연료 제조ㆍ수출입업의 등록,④ 제1항제2호 및 제3항에 따른 석유대체연료 저장시설의 범위와 제3항에 따른 석유대체연료 내수판매량의 산출방법에 관한 사항은 산업통상부령으로 정한다.,규칙,기본값_구조추정,해당없음,단순 위임 (구체적 사항을 하위 법령에 위임),X
디지털의료제품법 시행규칙,15,임상시험기관 외 실시 승인 등,⑤ 제1항 및 제2항에도 불구하고 법 제39조에 따라 임상시험계획 등에 대하여 사전 검토를 받은 자가 제49조제3항에 따른 사전 검토 결과 통지서를 제출하는 경우에는 제1항 각 호 및 제2항 각 호의 자료 중 사전 검토 결과 적합하다는 판정을 받은 사항에 대한 자료는 제출하지 않을 수 있다.,규칙,기본값_구조추정,규칙,조건부 의무 면제 규정,O
직업교육훈련 촉진법,4,직업교육훈련 기본계획의 수립ㆍ시행,② 기본계획에는 다음 각 호의 사항이 포함되어야 한다.,규칙,기본값_구조추정,해당없음,목록 규정,X
형사사법절차에서의 전자문서 이용 등에 관한 규칙,29,전자기록의 열람 등에 따른 수수료,"① 전자기록의 열람, 출력 또는 복제를 신청할 경우 납부하여야 할 수수료의 금액은 별표 2와 같다.",규칙,확정명시,규칙,구체적 수치(별표)에 따른 의무 부과,O
자연환경보전법,11,자연환경정보망의 구축ㆍ운영 등,②기후에너지환경부장관은 관계행정기관의 장에게 자연환경정보망의 구축ㆍ운영에 필요한 자료의 제출을 요청할 수 있다. 이 경우 관계행정기관의 장은 특별한 사유가 없으면 그 요청에 따라야 한다.,규칙,기본값_구조추정,규칙,조건부 의무 부과 (특별한 사유가 없으면 따라야 함),O
전기통신기본법 시행령,39,,제39조 삭제,해당없음,짧은텍스트,해당없음,삭제된 조항,O
조세특례제한법 시행령,98,준공후미분양주택의 취득자에 대한 양도소득세의 과세특례,"⑤ 법 제98조의6제1항을 적용할 때 해당 준공후미분양주택의 임대기간(이하 이조에서 ""임대기간""이라 한다)은 다음 각 호의 방법에 따라 계산한다.",규칙,기본값_구조추정,해당없음,계산 방법 규정 (규범적 명령 아님),X
특허법,29,특허요건,② 특허출원 전에 그 발명이 속하는 기술분야에서 통상의 지식을 가진 사람이 제1항 각 호의 어느 하나에 해당하는 발명에 의하여 쉽게 발명할 수 있으면 그 발명에 대해서는 제1항에도 불구하고 특허를 받을 수 없다.,규칙,기본값_구조추정,규칙,구성요건 충족 시 특허 불허라는 확정적 법률효과 규정,O
보건복지부와 그 소속기관 직제 시행규칙,7,장애인정책국,"① 장애인정책국장은 고위공무원단에 속하는 일반직공무원으로 보하되, 그 직위의 직무등급은 나등급으로 한다.",규칙,기본값_구조추정,규칙,직위 및 등급 지정이라는 확정적 규정,O
형사사법절차에서의 전자문서 이용 등에 관한 법률 시행령,14,수사 관련 자료의 요구,① 수사기관등은 「형사소송법」 제199조제2항에 따라 공무소나 그 밖의 공사단체에 자료의 제출을 요구하는 경우 전자적 송달 또는 통지의 방법으로 할 수 있다.,규칙,권한부여,규칙,전자적 송달 또는 통지 방법으로 할 수 있다는 허용 규정 (법률효과 특정),O
검찰사건사무규칙,89,압수ㆍ수색 또는 검증 영장의 청구,④ 검사는 사법경찰관등의 압수ㆍ수색 또는 검증 영장의 신청을 검토하여 압수ㆍ수색 또는 검증을 할 만한 상당한 이유가 없다고 인정할 때에는 다음 각 호의 구분에 따른 서식에 그 이유를 구체적으로 기재하여 압수ㆍ수색 또는 검증 영장의 신청을 기각한다.,원칙,상당한판단,규칙,상당한 이유가 없다고 인정할 때 기각한다는 확정적 의무 규정,X
가족관계의 등록 등에 관한 법률,16,등록부의 기록절차,"제16조(등록부의 기록절차) 등록부는 신고, 통보, 신청, 증서의 등본, 항해일지의 등본 또는 재판서에 의하여 기록한다.",규칙,기본값_구조추정,규칙,기록의 근거를 명확히 확정,O
관세법,202,설비의 유지의무 등,③ 제2항에 따라 작업을 하는 경우의 반출검사 등에 관하여는 제187조를 준용한다.,규칙,준용규정,규칙,준용 규정을 통해 특정 절차의 적용 확정,O
점자법,15,한글 점자의 날,② 국가와 지방자치단체는 제1항에 따른 한글 점자의 날 기념 행사 등을 실시할 수 있다.,규칙,권한부여,규칙,"국가 및 지자체의 행사 실시 '할 수 있다'는 재량권 부여이나, 법률효과(행사 실시)가 특정되어 있으므로 규칙으로 분류",O
지방세기본법 시행령,88,지방세법규해석심사위원회의 구성 및 운영,"⑧ 위원장은 지방세법규해석심사위원회의 회의를 소집하고, 그 의장이 된다.",규칙,기본값_구조추정,규칙,위원장의 직무를 명확히 확정,O
해양사고의 조사 및 심판에 관한 법률,24,,제2장의2 심판원의 관할,해당없음,짧은텍스트,해당없음,장 제목,O
국제입양에 관한 법률 시행령,5,협정에 포함되어야 하는 사항,제5조(협정에 포함되어야 하는 사항) 법 제31조제1항에 따른 양자 또는 다자 협정에는 다음 각 호의 사항이 포함되어야 한다.,규칙,기본값_구조추정,규칙,협정에 포함되어야 하는 사항을 구체적으로 열거하며 의무 부과,O
개발이익 환수에 관한 법률 시행규칙,9,매입가격의 신고,"④ 영 제11조제5항제1호에서 ""국토교통부령으로 정하는 증명서류""란 다음 각 호의 어느 하나에 해당하는 서류를 말한다. 다만, 제2항 후단에 따른 시장ㆍ군수ㆍ구청장의 확인으로 토지의 등기사항증명서에 적힌 접수일이 개발부담금 부과개시시점 이전임이 확인되는 경우에는 그 확인으로 증명을 갈음한다.",규칙,기본값_구조추정,해당없음,정의 규정 ('~를 말한다'),X
마약류 불법거래 방지에 관한 특례법,26,참가인의 출석 등,② 법원이 참가인의 소재를 알 수 없을 때에는 공판기일의 통지나 그 밖의 서류의 송달을 하지 아니하여도 된다.,규칙,기본값_구조추정,규칙,조건부 의무 면제 (소재 불명 시 송달 불필요),O
과학ㆍ수학ㆍ정보 교육 진흥법,4,과학·수학·정보 교육의 기본방향,④ 과학ㆍ수학ㆍ정보의 교과별 교육과 더불어 두 교과 이상의 융합을 통하여 창의적 인재를 양성할 수 있도록 교육환경이 조성되어야 한다.,규칙,기본값_구조추정,원칙,추상적 가치 실현 요청 ('~할 수 있도록 교육환경이 조성되어야 한다'),X
조세범 처벌법,10,세금계산서의 발급의무 위반 등,⑤ 제3항의 죄를 범한 자에 대해서는 정상(情狀)에 따라 징역형과 벌금형을 병과할 수 있다.,규칙,권한부여,규칙,정상 참작 시 형벌 병과 가능성 명시 (구체적 법률효과),O
석면피해구제법 시행규칙,37,석면건강관리수첩을 교부받은 자에 대한 건강검진,④ 제1항에 따른 건강검진의 주기 및 항목은 석면질병 관련 분야 전문과목 전문의의 의견을 고려하여 위원회가 정한다.,규칙,기본값_구조추정,원칙,전문가의 의견을 '고려하여' 위원회가 정하도록 하여 추상적 가치 실현 요청,X
근로기준법,33,이행강제금,⑧ 근로자는 구제명령을 받은 사용자가 이행기한까지 구제명령을 이행하지 아니하면 이행기한이 지난 때부터 15일 이내에 그 사실을 노동위원회에 알려줄 수 있다.,규칙,"구체적수치,기한규정",규칙,구체적인 사실관계(이행기한 경과 후 15일 이내) 발생 시 특정 행위(알려줄 수 있다)를 할 수 있는 권리 부여,O
규제자유특구 및 지역특화발전특구에 관한 규제특례법,94,「전시산업발전법」에 관한 특례,제94조(「전시산업발전법」에 관한 특례) 규제자유특구 내 혁신사업 또는 전략산업과 관련하여 「전시산업발전법」 제4조에 따른 주관기관이 국비 또는 지방비가 소요되는 전시시설(같은 법 제2조제4호에 따른 전시시설을 말하며 규제자유특구에 건립하는 경우에 한정한다)을 건립하려는 경우에는 같은 법 제11조제1항에도 불구하고 전시시설 건립계획에 대한 산업통상부장관과의,규칙,"조건부명령,권한부여",해당없음,"법률의 특정 조항을 인용하며, 구체적인 법률효과가 명확히 확정되지 않은 채 다른 법률과의 관계를 설명하는 부분으로 규범적 명령으로 보기 어려움",X
여객자동차 운수사업법,14,사업의 양도ㆍ양수 등,⑪ 국토교통부장관 또는 시ㆍ도지사는 제2항에 따른 양도ㆍ양수의 인가 여부를 검토하기 위하여 경찰청장에게 여객자동차운송사업을 양도하려는 자에 대한 운전경력 및 범죄경력자료의 조회를 요청할 수 있다. 이 경우 운전경력 및 범죄경력자료의 조회는 제87조제1항에 따른 자격의 취소나 정지에 필요한 정보에 한정한다.,규칙,기본값_구조추정,규칙,특정 조건(인가 여부 검토) 하에서 특정 행위(조회 요청)를 할 수 있는 권한 부여,O
김산업의 육성 및 지원에 관한 법률 시행령,2,김산업 및 김산업 종사자의 범위,"① 「김산업의 육성 및 지원에 관한 법률」(이하 ""법""이라 한다) 제2조제2호에서 ""대통령령으로 정하는 산업""이란 다음 각 호의 산업을 말한다.",해당없음,정의말한다,해당없음,정의 규정 ('~를 말한다'),O
방위산업기술 보호법 시행령,21,방위산업기술 보호지원 전담기관의 지정 등,"⑤ 방위사업청장은 법 제16조의2제3항에 따라 전담기관의 지정을 취소한 경우에는 지체 없이 해당 기관에 통지하고, 그 사실을 방위사업청 인터넷 홈페이지에 공고해야 한다.",규칙,"조건부명령,의무부과",규칙,조건부 의무 부과 (통지 및 공고 의무),O
지역방송발전지원 특별법,2,정의,① 이 법에서 사용하는 용어의 뜻은 다음과 같다.,해당없음,정의규정,해당없음,정의 규정,O
성폭력방지 및 피해자보호 등에 관한 법률 시행규칙,3,상담소의 설치신고,"③ 제2항에 따라 상담소의 설치신고를 마친 자는 상담소의 소재지, 명칭 또는 상담소의 장이 변경된 때에는 그 사유 발생일부터 14일 이내에 별지 제3호서식의 상담소 변경신고서(전자문서를 포함한다)에 다음 각 호의 서류(전자문서를 포함한다)를 첨부하여 특별자치시장ㆍ특별자치도지사 또는 시장ㆍ군수ㆍ구청장에게 제출하여야 한다.",규칙,"의무부과,구체적수치,절차규정,기한규정",규칙,구체적 기한 및 절차 명시 (변경신고 의무),O
잔류성오염물질 관리법,24,관리대상기기등의 신고 등,"① 변압기 등 대통령령으로 정하는 기기ㆍ설비ㆍ제품(이하 ""관리대상기기등""이라 한다)의 소유자는 제조사, 제조 연월일, 절연유 교체 여부 등 기후에너지환경부령으로 정하는 사항을 시ㆍ도지사에게 신고하여야 한다. 신고한 사항 중 절연유 교체 등 기후에너지환경부령으로 정하는 중요한 사항을 변경한 경우에도 또한 같다.",규칙,절차규정,규칙,조건부 의무 부과 (신고 의무),O
공직선거법,47,정당의 후보자추천,"①정당은 선거에 있어 선거구별로 선거할 정수 범위안에서 그 소속당원을 후보자(이하 ""정당추천후보자""라 한다)로 추천할 수 있다. 다만, 비례대표자치구ㆍ시ㆍ군의원의 경우에는 그 정수 범위를 초과하여 추천할 수 있다.",해당없음,약칭규정,규칙,조건부 권리 행사 (정당의 후보자 추천 권리),X
6ㆍ25 전사자유해의 발굴 등에 관한 법률,10,전사자유해의 신원확인 및 유해ㆍ유품의 보존 등,① 국방부장관은 발굴된 유해를 전사자유해로 인정한 때에는 유전자 시료(試料)를 채취하는 등 신원확인을 위한 조치를 하여야 한다.,규칙,"조건부명령,의무부과",규칙,구성요건 충족 시 명확한 의무 부과,O
자본시장과 금융투자업에 관한 법률,431,의견제출,③ 당사자 또는 이해관계인 등은 제2항에 따른 의견 진술 등을 하는 경우 변호인의 도움을 받거나 그를 대리인으로 지정할 수 있다.,규칙,권한부여,규칙,구성요건 충족 시 권리 부여,O
헌법재판소 공무원 규칙,77,선서,② 제1항의 선서는 별표 13의 선서문에 따른다.,규칙,확정명시,규칙,구체적인 절차 규정,O
암관리법,19,지역암센터의 지정 등,② 지역암센터는 다음 각 호의 사업을 수행한다.,규칙,기본값_구조추정,규칙,구성요건 충족 시 명확한 의무 부과,O
국가보훈 기본법,23,공훈선양사업의 추진,③ 국가보훈부장관은 관계기관의 장에게 제1항제3호에 따른 교육의 실시를 요청할 수 있다. 이 경우 요청을 받은 관계기관의 장은 적극적으로 협조하여야 한다.,규칙,의무부과,규칙,구성요건 충족 시 명확한 의무 부과,O
공직선거관리규칙,30,선거공보,⑩ 비례대표국회의원 및 비례대표지방의회의원선거에서 후보자의 사진ㆍ성명ㆍ학력ㆍ경력은 추천순위에 따라 게재한다.,규칙,기본값_구조추정,규칙,추천순위에 따른 명확한 게재 방식 지정,O
민법,581,종류매매와 매도인의 담보책임,②전항의 경우에 매수인은 계약의 해제 또는 손해배상의 청구를 하지 아니하고 하자없는 물건을 청구할 수 있다.,규칙,권한부여,규칙,하자없는 물건 청구라는 확정적 법률효과 명시,O
참전유공자 예우 및 단체설립에 관한 법률 시행령,6,국가보훈등록증의 발급 등,② 제1항에 따라 국가보훈등록증을 발급받은 사람은 다음 각 호의 어느 하나에 해당하는 경우에는 국가보훈부장관에게 국가보훈등록증의 재발급을 신청할 수 있다.,규칙,권한부여,규칙,특정 요건 충족 시 재발급 신청이라는 확정적 권리 부여,O
총포ㆍ도검ㆍ화약류 등의 안전관리에 관한 법률,56,이사회,"③ 이사장은 이사회를 소집하며, 그 의장이 된다.",규칙,기본값_구조추정,규칙,이사장에게 이사회 소집 및 의장직 수행이라는 확정적 의무 부과,O
채무자 회생 및 파산에 관한 법률,40,감독행정청에의 통지 등,③제2항 각호의 어느 하나에 해당하는 자는 법원에 대하여 회생절차에 관하여 의견을 진술할 수 있다.,규칙,권한부여,규칙,의견 진술이라는 확정적 권리 부여,O
경영지도사 및 기술지도사에 관한 법률,18,성실의무,① 지도사는 성실히 그 업무를 수행하며 품위를 유지하여야 한다.,규칙,의무부과,원칙,"추상적 가치 실현 요청 (성실, 품위 유지)",X
수상레저안전법 시행규칙,31,,제4장 안전관리,해당없음,장절관제목,해당없음,장 제목,O
기업도시개발 특별법,39,도시개발위원회,⑨ 이 법에서 규정한 사항 외에 위원회의 구성 및 운영 등에 필요한 사항은 대통령령으로 정한다.,해당없음,위임근거만,해당없음,단순 위임,O
개발이익 환수에 관한 법률 시행령,6,경감 대상ㆍ기준 및 경감 절차,④ 시장ㆍ군수ㆍ구청장은 제3항에 따른 개발부담금 경감 사업 및 경감 기준을 일반인이 열람할 수 있도록 해야 한다.,규칙,의무부과,규칙,구체적 의무 부과 (열람 조치),O
군인 재해보상법,25,공무상요양비 지급의 특례,① 제22조에도 불구하고 군인이 긴급한 필요 또는 그 밖의 부득이한 사정으로 요양기관이 아닌 의료기관에서 공무상요양을 받는 경우에는 국방부장관이 인정하는 경우에만 공무상요양비를 지급할 수 있다.,규칙,권한부여,규칙,조건부 의무 부과 (국방부장관 인정 시),O
장애인고용촉진 및 직업재활법,45,사무소,① 공단의 주된 사무소의 소재지는 정관으로 정한다.,규칙,기본값_구조추정,규칙,정관으로 정하도록 구체적 사항을 위임,O
외국인투자 촉진법 시행령,23,외국인투자유치협의회,④ 협의회의 회의는 제3항에 따라 그 회의에 참석할 수 있는 위원 과반수의 출석과 출석위원 과반수의 찬성으로 의결한다.,규칙,기본값_구조추정,규칙,의결 요건(과반수 출석 및 찬성)을 명확히 규정,O
산림문화ㆍ휴양에 관한 법률,12,산림레포츠지도사,"① 산림청장은 산림레포츠를 활성화하기 위하여 대통령령으로 정하는 자격기준을 갖춘 사람에게 산림레포츠를 지도하는 사람(이하 ""산림레포츠지도사""라 한다)의 자격을 부여하고 이를 육성할 수 있다.",해당없음,약칭규정,규칙,자격기준을 갖춘 자에게 자격 부여 및 육성 의무 부과,X
건설산업기본법 시행규칙,36,하자산정기준,"제36조(하자산정기준) 법 제82조제1항제1호에서 ""국토교통부령으로 정하는 규모 이상의 하자""란 하자발생액이 당해 공사금액의 1천분의 5 이상인 하자를 말한다. 다만, 1회의 하자발생액이 이에 미달하는 때에는 각각의 하자발생액의 누계액이 당해 공사금액의 1천분의 5 이상에 해당할 때에 이를 1회로 본다.",규칙,기본값_구조추정,규칙,구체적인 수치(1천분의 5)를 기준으로 하자 규모를 정의,O
중소기업제품 구매촉진 및 판로지원에 관한 법률,35,벌칙,① 다음 각 호의 어느 하나에 해당하는 자는 3년 이하의 징역 또는 3천만원 이하의 벌금에 처한다.,규칙,벌칙,규칙,구체적인 형벌(징역 또는 벌금)을 명시,O
대체역의 편입 및 복무 등에 관한 법률 시행령,37,복무의무 위반자에 대한 경고,"③ 제2항에 따른 대체복무 운영위원회의 기능, 구성 및 운영 등에 필요한 사항은 소관중앙행정기관의 장이 정한다.",규칙,기본값_구조추정,해당없음,단순 위임,X
어린이안전관리에 관한 법률 시행령,9,안전교육의 방법 등,"① 어린이이용시설 관리주체는 법 제16조제1항에 따라 다음 각 호의 사람(이하 ""안전교육 대상자""라 한다)에 대하여 매년 응급처치 실습 등을 포함한 안전교육을 실시해야 한다.",해당없음,약칭규정,규칙,조건부 의무 부과,X
개발제한구역의 지정 및 관리에 관한 특별조치법,23,,제23조 삭제,해당없음,짧은텍스트,해당없음,삭제된 조항,O
지방자치분권 및 지역균형발전에 관한 특별법 시행령,62,전문위원회의 구성ㆍ운영,④ 전문위원회의 위원장은 전문위원회의 위원 중에서 지방시대위원장이 지명한다.,규칙,기본값_구조추정,규칙,조건부 의무 부과,O
해양수산부와 그 소속기관 직제,4,하부조직,① 해양수산부에 운영지원과ㆍ해양정책실ㆍ수산정책실ㆍ해운물류국ㆍ해사안전국 및 항만국을 둔다.,규칙,구성규정,규칙,조직 설치 규정,O
법인세법 시행령,80,적격합병의 요건 등,"② 법 제44조제2항제1호 단서 및 같은 항 제3호 단서에서 ""대통령령으로 정하는 법인""이란 각각 「자본시장과 금융투자업에 관한 법률 시행령」 제6조제4항제14호에 따른 법인으로서 같은 호 각 목의 요건을 모두 갖춘 법인(이하 이 조에서 ""기업인수목적회사""라 한다)을 말한다.",해당없음,정의말한다,해당없음,정의 규정,O
출입국관리법 시행규칙,11,단체사증의 발급,⑤출입국관리공무원이 단체사증을 발급받아 입국하는 단체에 대하여 입국심사를 마친 때에는 제4항의 규정에 의하여 교부한 단체사증발급신청서 사본의 왼쪽 아랫부분에 입국심사인을 찍어 이를 반환하여야 한다.,규칙,의무부과,규칙,구체적 절차 및 의무 부과,O
해양수산부와 그 소속기관 직제 시행규칙,31,고위공무원단에 속하는 공무원으로 보하는 직위의 수 등,"제31조(고위공무원단에 속하는 공무원으로 보하는 직위의 수 등) 국립수산과학원에 고위공무원단에 속하는 공무원으로 보하는 직위는 7개(제30조 및 제32조제2항의 직위를 포함한다)를 두되, 제30조 및 제32조제2항의 직위를 제외한 그 밖의 직위에 대한 직무등급은 「책임운영기관의 설치ㆍ운영에 관한 법률」 제10조에 따른 기본운영규정에 따른다.",규칙,확정명시,규칙,구체적 수치 및 직위 지정,O
국민체육진흥법 시행규칙,24,대한민국체육상,"① 영 제13조제1항에 따른 대한민국체육상(이하 ""체육상""이라 한다)의 종류는 경기상, 연구상, 지도상, 심판상, 공로상, 진흥상, 장애인경기상 및 장애인체육상으로 한다.",규칙,기본값_구조추정,규칙,열거적 규정 (종류 지정),O
해양환경관리법,41,선박운항탄소집약도지수의 계산 등,① 국제항해에 사용되는 총톤수 5천톤 이상의 선박 중 해양수산부령으로 정하는 선박의 소유자는 해양수산부장관이 정하여 고시하는 방법에 따라 매년 선박운항탄소집약도지수를 계산하고 계산결과를 해양수산부장관에게 제출하여야 한다.,규칙,"의무부과,절차규정",규칙,조건부 의무 부과 및 구체적 행위 요구,O
건설산업기본법 시행규칙,35,분쟁조정신청서 등,①영 제66조의 규정에 의한 건설분쟁조정신청서는 별지 제27호서식에 의한다.,규칙,확정명시,해당없음,단순 서식 지정,X
우체국보험특별회계법 시행규칙,10,위탁관리 수수료의 지급,① 우정사업본부장은 수탁법인에 위탁관리 수수료를 지급하여야 한다.,규칙,의무부과,규칙,명확한 의무 부과,O
도로명주소법 시행령,41,사물번호의 부여ㆍ변경ㆍ폐지 기준 등,② 사물번호의 부여 기준은 다음 각 호의 구분과 같다.,규칙,기본값_구조추정,해당없음,기준 제시 (내용 없음),X
농촌진흥청과 그 소속기관 직제 시행규칙,36,,제36조 삭제,해당없음,짧은텍스트,해당없음,삭제된 조항,O
국가첨단전략산업 경쟁력 강화 및 보호에 관한 특별조치법 시행령,49,연대협력 협의회,② 연대협력협의회 위원장은 위원 중에서 호선한다.,규칙,기본값_구조추정,규칙,명확한 절차 규정,O
한국국방연구원법,18,준용규정,제18조의2(준용규정) 연구원에 관하여 이 법에 규정된 것을 제외하고는 「민법」 중 재단법인에 관한 규정을 준용한다.,규칙,준용규정,해당없음,단순 위임,X
재난관리자원의 관리 등에 관한 법률 시행령,8,국가재난관리지원기업에 대한 준비조치명령,③ 행정안전부장관은 법 제10조제1항에 따라 국가재난관리지원기업에 공급망관리정보를 제공하는 공급망관리시스템을 구축하게 하여 자원통합관리시스템과 연계하도록 명할 수 있다.,규칙,권한부여,규칙,조건부 의무 부과,O
영유아보육법 시행령,20,의무이행 실태조사의 방법 등,③ 의무이행 실태조사의 내용은 다음 각 호와 같다.,규칙,확정명시,해당없음,내용을 열거하는 규정,X
부가가치세법 시행령,29,할부 또는 조건부로 용역을 공급하는 경우 등의 용역의 공급시기,③ 제1항과 제2항에도 불구하고 폐업 전에 공급한 용역의 공급시기가 폐업일 이후에 도래하는 경우에는 폐업일을 공급시기로 본다.,규칙,기본값_구조추정,규칙,조건부 법률효과 확정,O
상속세 및 증여세법 시행령,76,문화유산자료 등의 징수유예액의 계산등,"② 법 제74조제1항제1호에서 ""대통령령으로 정하는 토지""란 같은 호에 따른 문화유산자료등의 보호를 위하여 「문화유산의 보존 및 활용에 관한 법률」에 따라 지정된 보호구역의 토지를 말한다.",해당없음,정의말한다,해당없음,정의 규정,O
성폭력범죄의 처벌 등에 관한 특례법 시행령,5,신상정보의 등록 등,③ 등록정보원부의 서식과 작성 방식 등에 관한 구체적인 사항은 법무부령으로 정한다.,해당없음,위임근거만,해당없음,단순 위임,O
회계관계공무원직인규칙,10,특례,제10조(특례) 각 중앙관서의 장은 소속회계관계공무원의 직인에 관하여 특수한 사유로 이 규칙에 따를 수 없거나 곤란한 때에는 재정경제부장관과 협의하여 특례를 설정할 수 있다.,규칙,권한부여,규칙,조건부 재량권 부여 및 특례 설정 가능성,O
국세기본법,47,무신고가산세,"① 납세의무자가 법정신고기한까지 세법에 따른 국세의 과세표준 신고(예정신고 및 중간신고를 포함하며, 「교육세법」 제9조에 따른 신고 중 금융ㆍ보험업자가 아닌 자의 신고와 「농어촌특별세법」 및 「종합부동산세법」에 따른 신고는 제외한다)를 하지 아니한 경우에는 그 신고로 납부하여야 할 세액(이 법 및 세법에 따른 가산세와 세법에 따라 가산하여 납부하여야 할 이",규칙,조건부명령,규칙,구체적 요건 충족 시 가산세 부과 의무,O
공익사업을 위한 토지 등의 취득 및 보상에 관한 법률 시행령,44,임의적 보상협의회의 설치ㆍ구성 및 운영 등,"⑨ 보상협의회에 보상협의회의 사무를 처리할 간사와 서기를 두며, 간사와 서기는 보상협의회의 위원장이 해당 특별자치도ㆍ시ㆍ군 또는 구의 소속 공무원 중에서 임명한다.",규칙,자격요건,규칙,구체적 임명 절차 규정,O
제대혈 관리 및 연구에 관한 법률 시행령,3,,제3조의2 삭제,해당없음,짧은텍스트,해당없음,삭제된 조항,O
중소기업진흥에 관한 법률,73,이사회,①중소벤처기업진흥공단의 중요 사항을 의결하게 하기 위하여 중소벤처기업진흥공단에 이사회를 둔다.,규칙,구성규정,해당없음,목적 규정,X
공중위생관리법 시행규칙,1,목적,제1조(목적) 이 규칙은 「공중위생관리법」 및 같은 법 시행령에서 위임된 사항과 그 시행에 관하여 필요한 사항을 규정함을 목적으로 한다.,해당없음,목적규정,해당없음,목적 규정,O
사법정책연구원 운영규칙,13,연구심의관 등,① 연구원에 연구심의관 또는 연구담당관을 둘 수 있다.,규칙,기본값_구조추정,해당없음,임의적 설치 규정 ('둘 수 있다'),X
가사소송법,59,조정의 성립,① 조정은 당사자 사이에 합의된 사항을 조서에 적음으로써 성립한다.,규칙,기본값_구조추정,규칙,효과 발생 요건 명확히 규정,O
연구실 안전환경 조성에 관한 법률,31,검사,"② 과학기술정보통신부장관은 제1항에 따른 검사를 하는 경우에는연구주체의 장에게 검사의 목적, 필요성 및 범위 등을 사전에 통보하여야 한다. 다만, 연구실사고 발생 등 긴급을 요하거나 사전 통보 시 증거인멸의 우려가 있어 검사 목적을 달성할 수 없다고 인정되는 경우에는 그러하지 아니하다.",규칙,"조건부명령,절차규정",규칙,조건부 의무 부과 및 예외 규정,O
특별감찰관법 시행령,12,감찰착수 사실 등 누설 금지,"제12조(감찰착수 사실 등 누설 금지) 특별감찰관과 감찰담당자는 감찰에 착수하여 법 제16조부터 제20조까지의 업무 등(신고 접수 등과 관련한 민원사무를 포함한다)을 수행할 때에는 정보제공자 등 제3자에게 감찰 착수 및 종료 사실, 감찰대상자의 신분 및 비위행위 등 감찰 내용이 공표되거나 누설되지 아니하도록 하여야 한다.",규칙,의무부과,규칙,명확한 의무 부과 (누설 금지),O
공무원 재해보상법 시행령,32,재요양의 요건 및 절차,③ 공단은 제1항 및 제2항에 따라 재요양 승인신청을 받은 경우 사실관계 확인ㆍ조사 결과를 재요양 승인신청 서류와 함께 인사혁신처장에게 보내야 한다.,규칙,기본값_구조추정,규칙,명확한 절차적 의무 부과 (자료 송부),O
농지법,22,농지 소유의 세분화 방지,①국가와 지방자치단체는 농업인이나 농업법인의 농지 소유가 세분화되는 것을 막기 위하여 농지를 어느 한 농업인 또는 하나의 농업법인이 일괄적으로 상속ㆍ증여 또는 양도받도록 필요한 지원을 할 수 있다.,규칙,권한부여,원칙,추상적 가치 실현을 위한 지원 가능성 제시 (필요한 지원을 할 수 있다),X
사회보장급여의 이용ㆍ제공 및 수급권자 발굴에 관한 법률,11,정보공유 등의 협조 요청,"⑤ 보장기관의 장은 제3항 및 제4항에 따라 전화번호를 제공받는 경우 해당 정보를 제공받은 날부터 30일 이내에 그 사실을 해당 지원대상자에게 서면 또는 문자메시지, 메신저 등 전자적 방법으로 통지하여야 한다. 다만, 긴급하게 위기가구를 발굴할 필요가 있어 30일 이내에 통지하기가 어려운 경우에는 그 사유가 소멸한 날부터 30일 이내에 통지하여야 한다.",규칙,"의무부과,구체적수치,절차규정,기한규정,통지알림",규칙,명확한 통지 의무 및 예외 규정,O
재난 및 안전관리 기본법,9,중앙안전관리위원회,"⑧ 중앙위원회의 위원장은 그 소관 사무에 관하여 재난관리책임기관의 장이나 관계인에게 자료의 제출, 의견 진술, 그 밖에 필요한 사항에 대하여 협조를 요청할 수 있다. 이 경우 요청을 받은 사람은 특별한 사유가 없으면 요청에 따라야 한다.",규칙,기본값_구조추정,규칙,협조 요청 및 특별한 사유가 없으면 따라야 하는 의무 부과,O
도로법 시행령,92,,제9장 보칙,해당없음,장절관제목,해당없음,장 제목,O
법교육지원법,4,(법교육위원회의 설치 등),⑤ 법교육위원회의 위원장은 법무부장관이 법교육위원회의 위원 중에서 임명한다.,규칙,자격요건,규칙,명확한 임명권자 및 임명 대상 지정,O
한국장학재단 설립 등에 관한 법률,49,학자금 지원 대상자의 추천,③ 제2항에 따라 대학생을 추천한 고등교육기관의 장은 추천받은 대학생이 학자금대출의 원리금 상환을 성실히 이행하도록 지도하여야 한다.,규칙,의무부과,원칙,성실한 이행 지도라는 추상적 의무 부과,X
자연환경보전법 시행령,52,업무의 위탁,① 기후에너지환경부장관은 법 제61조제2항에 따라 다음 각 호의 업무를 「국립생태원의 설립 및 운영에 관한 법률」에 따른 국립생태원에 위탁한다.,해당없음,업무나열,규칙,명확한 위탁 대상 기관 및 위탁 업무 지정,X
상훈법,29,훈장 및 포장의 수여,"제29조(훈장 및 포장의 수여) 훈장 및 포장은 대통령이 직접 수여하는 것을 원칙으로 하되, 특별한 사유로 직접 수여하지 못할 때에는 대통령령으로 정하는 바에 따라 전수(傳授)할 수 있다.",규칙,권한부여,규칙,원칙적 수여 방식 및 예외적 수여 방식 규정,O
